ADDRESS_NUMBER;STREET_NAME;Y_COORDINATE;X_COORDINATE;LATITUDE;LONGITUDE
7428;GEORGIA;145855.59;397663.49;38.98062369;-77.02696622
2;REV LLOYD YOUNG;136378.23;401734.22;38.89525024;-76.98000891
4;REV LLOYD YOUNG;136385.15;401734.75;38.89531258;-76.98000278
6;REV LLOYD YOUNG;136391.27;401734.22;38.89536771;-76.98000888
8;REV LLOYD YOUNG;136397.39;401733.95;38.89542284;-76.98001197
10;REV LLOYD YOUNG;136403.24;401733.95;38.89547554;-76.98001196
12;REV LLOYD YOUNG;136408.83;401733.95;38.8955259;-76.98001194
14;REV LLOYD YOUNG;136415.21;401733.68;38.89558337;-76.98001504
16;REV LLOYD YOUNG;136421.87;401733.42;38.89564337;-76.98001802
2007;TRENTON;130814.77;402173.11;38.8451317;-76.97496722
1302;TRINIDAD;137308.68;401194.41;38.9036333;-76.98622991
1327;UNDERWOOD;144587.65;397316.83;38.96920114;-77.03096214
511;BRUMMEL;145786.18;398130.87;38.97999988;-77.02157188
4712;ALTON;142116.05;391904.38;38.94690312;-77.09338929
2422;I;136963.99;395408.7;38.90051703;-77.05292978
5101;MASSACHUSETTS;142251.09;391389.88;38.9481147;-77.09932614
2131;OBSERVATORY;139037.58;393613.83;38.91918543;-77.07364081
1931;JACKSON;140231.65;402024.86;38.92996286;-76.97664721
3542;T;138601.43;393868.67;38.91525826;-77.07069828
4603;BLAINE;135984.87;405516.82;38.89169144;-76.93640844
3707;WINFIELD;138245.07;393715.92;38.91204697;-77.07245633
2321;GOOD HOPE;132665.11;402365.81;38.86179953;-76.97274108
125;Q;138162.24;398820.78;38.91132248;-77.01359643
307;5TH;136286.93;400059.33;38.89442982;-76.99931609
5509;LANGLEY;130886.22;398455.72;38.84577668;-77.01778924
227;ASCOT;139194.85;399785.37;38.92062534;-77.00247501
2810;32ND;132021.85;403362.72;38.85600186;-76.96125781
3435;25TH;131018.17;402627.17;38.84696278;-76.96973598
2207;FRANKLIN;139722.37;402302.24;38.92537442;-76.97344989
1108;QUEEN;137749.46;401045.46;38.90760419;-76.98794645
2209;FRANKLIN;139724.54;402317.61;38.92539393;-76.97327263
2449;P;137986.8;395386.58;38.90973074;-77.05319165
1502;IRVING;140141.72;401411.69;38.92915394;-76.98371911
1402;LAWRENCE;140458.23;401216.89;38.93200545;-76.98596516
403;C;136111.69;399973.88;38.89285119;-77.00030109
2703;11TH;139674.83;397678.6;38.92494612;-77.02677091
630;QUEBEC;140928.52;398230.87;38.93624103;-77.02040524
2109;SUITLAND;132857.31;404459.21;38.86352315;-76.94861964
1415;WEBSTER;141811.97;397071.05;38.9441963;-77.03378643
2825;49TH;139880.02;391866.28;38.92675996;-77.0938023
4319;MURDOCK MILL;142273.42;392605.81;38.94832694;-77.08529945
2906;NAYLOR;131971.26;402948.82;38.8555476;-76.9660266
601;LAMONT;140408.68;398141.83;38.93155797;-77.02143082
1833;JACKSON;140228.18;401919.55;38.92993184;-76.97786177
2036;DOUGLAS;139530.29;402187.99;38.9236444;-76.97476807
1055;MICHIGAN;141021.19;400718.84;38.93707731;-76.99170876
2232;NICHOLSON;133999.45;402259.54;38.87382042;-76.97396114
3514;19TH;130743.25;402071.24;38.84448766;-76.97614091
1460;RHODE ISLAND;137779.83;397057;38.90787347;-77.03393122
775;H;136901.4;400403.33;38.8999651;-76.99535034
519;TUCKERMAN;144394.52;398207.41;38.96746365;-77.02068489
5030;WEAVER;140338.82;391315.98;38.9308877;-77.10015444
3203;ADAMS MILL;140427.68;396043.21;38.93172218;-77.04563493
1764;HOBART;140021.37;396351.09;38.92806335;-77.04208189
4319;VAN NESS;141727.87;392639.98;38.94341276;-77.08489941
3404;CONNECTICUT;140728.73;394937.65;38.93442846;-77.05838793
4611;WARREN;141902.18;392089.64;38.94497821;-77.09124971
136;ELMIRA;128675.86;399039.27;38.82586558;-77.01106398
1426;PENNSYLVANIA;134700.9;401362.36;38.88014121;-76.98429882
1516;NORTH CAPITOL;138031.63;399188.58;38.91014632;-77.00935554
3309;RUNNYMEDE;144760.88;394189.29;38.97074651;-77.06705349
5198;27TH;143337.64;395046.38;38.95793087;-77.0571527
6001;GEORGIA;143913.13;397624.37;38.96312578;-77.02741098
1925;39TH;138673.41;393460.15;38.91590373;-77.07540947
157;36TH;136007.05;404132.2;38.89189885;-76.95236861
1708;LAWRENCE;140487.38;401699.28;38.93226724;-76.98040151
2511;14TH;139471.78;401189.45;38.92311924;-76.98628335
4407;PONDS;138201.08;405295.01;38.91165721;-76.93894812
5339;EAST CAPITOL;135741.69;406572.46;38.88949353;-76.92424256
5359;29TH;143610.55;394929.42;38.96038864;-77.05850416
1350;SOMERSET;144305.98;397222.22;38.96666349;-77.03205274
1374;SOMERSET;144306.24;397142.08;38.96666558;-77.03297747
7705;14TH;146175.6;397131.73;38.98350517;-77.03310472
730;23RD;136822.96;395630.49;38.89924771;-77.05037203
1217;BUCHANAN;142020.1;400916.57;38.9460756;-76.98942677
617;A;135874.57;400193.96;38.89071511;-76.99776428
4820;10TH;142225.23;400617.85;38.94792373;-76.99287252
1625;PARK;140499.52;396737.06;38.93237219;-77.03763288
1217;MASSACHUSETTS;135685.06;400957.71;38.88900743;-76.98896104
328;G;136804.83;399909.28;38.89909525;-77.00104582
4503;GRANT;136700.58;405434.37;38.89813933;-76.93735316
800;EMERSON;142419.6;397923.41;38.94967243;-77.02395601
;C;136209.54;396486.59;38.89372564;-77.04049971
;RIGGS;143615.82;400055.33;38.96045075;-76.9993616
4820;ALTON;142115.88;391727.2;38.94689994;-77.0954332
3850;NEBRASKA;141384.81;392657.74;38.94032219;-77.08469087
3727;NEW HAMPSHIRE;141026.96;397971.49;38.93712724;-77.02339723
718;DECATUR;142254.8;398005.81;38.94818806;-77.02300495
460;N;137685.2;398425.48;38.90702452;-77.01815316
18;CRITTENDEN;142277.67;399312.57;38.94839607;-77.00793021
3241;KLINGLE;140291.26;394311.87;38.93048377;-77.0656019
4012;LINNEAN;141545.58;395231.96;38.94178853;-77.05499911
2645;MYRTLE;140294.38;402782.87;38.93052588;-76.9679048
1610;BRENTWOOD;140000.54;401570.49;38.92788188;-76.98188801
4011;MARLBORO;141393.35;398615.93;38.94042904;-77.01596487
114;VARNUM;141689.7;398823.51;38.94309895;-77.013571
5329;GEORGIA;142979.04;397610.76;38.95471089;-77.02756476
426;Q;138121.12;398471.4;38.91095152;-77.0176247
1356;TAYLOR;141411.09;397297.29;38.94058578;-77.0311751
431;19TH;136416.53;401993.15;38.89559504;-76.977024
2621;33RD;132200.37;403430.55;38.85760978;-76.96047544
1926;37TH;138708.33;393661.35;38.91621978;-77.07308981
4216;YUMA;142022.34;392775.28;38.94606655;-77.0833418
3002;GENTAIN;139910.57;399277.24;38.92707251;-77.00833528
739;KENTUCKY;134718.1;401503.63;38.88029592;-76.98267065
2510;BLADENSBURG;139437.05;402745.23;38.9228029;-76.96834234
3417;24TH;131060.35;402570.95;38.84734292;-76.97038345
914;12TH;137123.4;400823.71;38.90196466;-76.99050385
906;CONSTITUTION;136038.99;400575.44;38.8921961;-76.99336694
3757;W;139056.5;393428.95;38.9193545;-77.0757729
3036;ARIZONA;140382.12;391425.29;38.93127883;-77.09889429
4722;DAVENPORT;142674.82;391876.35;38.95193641;-77.09371925
646;PARK;140534.22;397989.91;38.93268854;-77.02318333
1319;SOUTH CAPITOL;134009.69;399174.26;38.87391485;-77.00951581
1837;NORTH CAPITOL;138596.63;399243.18;38.91523608;-77.00872663
3618;24TH;140775.82;402394.89;38.93486398;-76.97237775
712;ROXBORO;144165.88;398008.92;38.96540357;-77.02297462
1123;BUCHANAN;142049.96;397531.54;38.9463416;-77.02847538
247;37TH;135453.98;404086.55;38.8869168;-76.9528981
1340;MONROE;140425.64;397304.53;38.93170825;-77.03108772
625;EMERSON;142443.57;400159.2;38.9498908;-76.99816343
4700;ELLICOTT;142809.6;391952.66;38.95315125;-77.09284048
900;10TH;137125.38;397721.01;38.90197959;-77.02627337
2436;TUNLAW;139302.38;393548.52;38.92157035;-77.07439641
2919;SOUTH DAKOTA;140016.52;402793.96;38.92802279;-76.96777803
4700;47TH;142593.84;391949.42;38.9512076;-77.09287533
328;60TH;136234.11;407342.4;38.89392334;-76.91536259
335;14TH;136292.79;401279.73;38.89448168;-76.98524817
1414;OAK;140679.69;397103.18;38.9339965;-77.03341102
4708;WARREN;141855.29;391865.57;38.94455376;-77.0938339
3404;10TH;140425.16;400625.71;38.93170817;-76.99278349
5722;8TH;143490.83;397880.24;38.95932225;-77.02445734
717;HAMLIN;139925.4;400402.81;38.9272063;-76.99535456
3306;HIGHLAND;140814.57;394339.97;38.93519808;-77.06528213
1384;TALBERT;132543.54;400921.37;38.86070707;-76.98938412
2227;NEWTON;140665.94;402334.93;38.93387431;-76.97306969
4703;NORTH CAPITOL;142275.55;399271.68;38.94837694;-77.00840191
227;10TH;135431.64;400617.99;38.88672483;-76.99287702
102;6TH;135627.17;400153.63;38.88848644;-76.99822921
640;15TH;136761.72;401395.7;38.89870579;-76.98391039
605;18TH;136590.22;401915.16;38.89715988;-76.97792254
504;M;137550.02;400074.04;38.90580818;-76.99914638
76;NEW YORK;137590.65;398985.28;38.90617361;-77.0116989
3601;MACOMB;140650.85;393833.67;38.93371984;-77.07112027
2826;28TH;139910.71;395083.63;38.92706031;-77.05669837
1808;18TH;133340.77;401842.24;38.86788774;-76.97877186
3615;ALABAMA;132849.18;403828.92;38.86345289;-76.95588207
5305;CLAY;136155.27;406545.17;38.89321941;-76.92455318
5817;4TH;143668.67;398458.84;38.96092549;-77.01778198
5312;NORTH CAPITOL;143059.53;399186.38;38.95543884;-77.00938686
3244;JONES;138055.38;394346.06;38.91034246;-77.06518917
1401;INDEPENDENCE;135504.26;401276.01;38.88737831;-76.98529251
1220;EUCLID;139516.93;397502.28;38.92352322;-77.0288037
2837;27TH;139905.63;402708.05;38.92702413;-76.96876925
1502;QUEEN;137480.96;401570.17;38.90518467;-76.98189746
1336;TALBERT;132596.76;400879.81;38.86118654;-76.9898629
125;4TH;135983.94;399970.91;38.89170037;-77.00033532
237;9TH;135392.25;400521.89;38.88636972;-76.9939847
642;A;135922.29;400288.01;38.89114496;-76.99668018
138;D;135270.02;399625.96;38.8852687;-77.00431111
1328;RANDOLPH;141178.38;401137.02;38.93849289;-76.98688514
3502;CONNECTICUT;140878.63;394887.91;38.93577851;-77.05896274
2734;UNICORN;145127.75;395179.1;38.97405735;-77.05563403
1131;TRINIDAD;137149.4;401153.96;38.9021985;-76.98669652
1714;NEW HAMPSHIRE;138369.89;396485.83;38.91318683;-77.04051952
1533;CHANNING;139393.38;401606.1;38.92241232;-76.98147875
1927;18TH;133181.77;401798.85;38.86645549;-76.97927226
3668;22ND;130754.73;402430.93;38.84459016;-76.97199752
509;INDEPENDENCE;135505.7;400086.82;38.8873922;-76.9989993
220;SOUTH CAROLINA;134956.46;399770.16;38.88244441;-77.00264899
2012;P;137949.32;396054.37;38.90939636;-77.04549198
4930;WISCONSIN;142928.73;392830.47;38.95423167;-77.08271462
1811;15TH;138519.77;397027.02;38.914539;-77.03428007
2929;ORDWAY;140885.7;394770.99;38.93584151;-77.06031134
2601;NEWTON;140667.85;402610.03;38.93389074;-76.96989677
4228;MILITARY;143659.84;392761.53;38.96081747;-77.08351769
3620;T;138594.05;393755.57;38.91519098;-77.07200233
1609;MONTANA;139265.62;401565.69;38.92126149;-76.98194504
1920;NEW HAMPSHIRE;138698.54;396727.63;38.91614835;-77.03773306
1646;BEEKMAN;139000.98;396624.5;38.91887244;-77.03892371
1742;CORCORAN;138206.06;396523.96;38.91171115;-77.04007904
5721;EAST CAPITOL;135740.35;406945.31;38.88947859;-76.91994492
4220;GAULT;136820.76;405041.47;38.8992243;-76.94188159
733;EMERSON;142441.39;400412.37;38.94987108;-76.99524279
305;7TH;135331.13;400316.23;38.88581956;-76.99635516
3720;T;138588.27;393617.51;38.91513792;-77.0735942
5151;SHERIFF;137278.6;406424.64;38.90333966;-76.92593204
2238;NICHOLSON;133992.06;402285.34;38.87375345;-76.97366385
1734;STANTON;131236.09;401749.81;38.84892808;-76.97984228
4001;MEADE;137512.58;404676.79;38.90545847;-76.94608093
1912;ROSEDALE;136560.7;402033.43;38.89689369;-76.97655925
510;D;135179.16;400086.05;38.88445061;-76.99900822
508;D;135177.89;400079.71;38.88443917;-76.99908129
320;5TH;135218.62;400065.69;38.88480608;-76.99924287
321;4TH;135206.01;399929.31;38.88469215;-77.00081475
315;5TH;135238.01;400022.15;38.88498075;-76.9997447
313;E;135023.99;399866.6;38.88305277;-77.0015375
419;4TH;135085.51;399924.8;38.88360664;-77.00086672
414;4TH;135102.47;399971.38;38.88375976;-77.00032986
407;5TH;135121.54;400021.07;38.88393155;-76.99975716
405;SEWARD;135280.79;399976.78;38.88536613;-77.00026763
2417;BRANCH;132436.98;403541.32;38.85974049;-76.95919801
2323;BRANCH;132577.37;403543.61;38.8610055;-76.9591709
2316;32ND;132580.07;403365.03;38.86103053;-76.96122846
2316;33RD;132602.43;403479.75;38.86123151;-76.95990656
3194;WESTOVER;133277.99;403163.29;38.86731843;-76.96354968
3173;WESTOVER;133315.4;403293.17;38.86765496;-76.96205291
646;INDEPENDENCE;135548.65;400258.53;38.88777908;-76.99702013
418;EAST CAPITOL;135806.09;400009.28;38.8900979;-76.99989303
410;EAST CAPITOL;135802.78;399992.22;38.89006842;-77.00008968
404;EAST CAPITOL;135802.63;399975.48;38.89006707;-77.00028263
400;EAST CAPITOL;135802.63;399967.56;38.89006706;-77.00037392
326;EAST CAPITOL;135805.42;399932.79;38.89009186;-77.0007747
324;EAST CAPITOL;135806.29;399924.94;38.8900997;-77.00086519
1904;FOXVIEW;138569.04;392603.57;38.91495641;-77.08528537
616;A;135924.14;400210.7;38.89116165;-76.99757131
609;CONSTITUTION;135998.47;400182.64;38.89183091;-76.99789473
608;A;135923.98;400188.67;38.89116021;-76.99782525
34;8TH;135878.96;400416.95;38.89075458;-76.99519394
17;6TH;135847.6;400155.08;38.89047216;-76.99821245
608;NORTH CAROLINA;135458.62;400173.06;38.88696808;-76.9980053
702;NORTH CAROLINA;135549.85;400356.64;38.88778986;-76.99588929
641;EAST CAPITOL;135740.86;400269.16;38.88951058;-76.99689753
647;A;135627.36;400278.23;38.88848812;-76.99679303
628;NORTH CAROLINA;135485.46;400224.11;38.88720985;-76.99741688
623;A;135628.29;400215.05;38.88849652;-76.99752126
622;C;135372.94;400210.81;38.88619623;-76.99757021
613;NORTH CAROLINA;135395.93;400185.95;38.88640334;-76.99785674
1916;FOXVIEW;138617.44;392560.89;38.91539239;-77.08577802
607;A;135627.69;400174.77;38.88849112;-76.99798554
612;C;135371.36;400186.51;38.886182;-76.99785029
311;7TH;135316.77;400311.61;38.8856902;-76.99640842
221;8TH;135444.03;400410.74;38.88683657;-76.99526578
219;8TH;135449.48;400413.04;38.88688566;-76.99523927
217;8TH;135455.55;400413.76;38.88694034;-76.99523097
218;7TH;135431.16;400361.1;38.88672065;-76.99583794
212;7TH;135449.68;400355.83;38.88688749;-76.99589868
7;9TH;135725.14;400525.46;38.88936885;-76.9939433
402;4TH;135138.15;399968.5;38.88408084;-77.00036306
2805;5TH;139770.94;400063.64;38.92581497;-76.99926608
333;E;135024.61;399913.22;38.88305836;-77.00100018
330;SOUTH CAROLINA;135001;399912.03;38.88284567;-77.00101389
326;D;135182.08;399918.9;38.88447658;-77.00093473
324;4TH;135227.06;399971.65;38.88488211;-77.00032676
310;4TH;135248.51;399969.58;38.88507534;-77.00035061
1962;FOXVIEW;138590.97;392646.03;38.91515465;-77.08479601
306;SOUTH CAROLINA;134983.61;399853.97;38.88268901;-77.00168305
612;E;135008.55;400183.68;38.88291367;-76.99788301
610;G;134848.17;400177.05;38.88146891;-76.99795946
609;E;134967.43;400173.59;38.88254325;-76.99799931
607;SOUTH CAROLINA;135029.12;400174.26;38.88309898;-76.99799157
600;E;135008.93;400149.83;38.8829171;-76.99827314
546;7TH;134857.48;400352.34;38.88155272;-76.99593921
2820;6TH;139815.65;400112.8;38.92621773;-76.99869914
2812;6TH;139794.63;400111.46;38.92602837;-76.9987146
2801;8TH;139783.68;400456.51;38.92592929;-76.99473535
318;DOUGLAS;139527.62;399872.31;38.92362306;-77.00147252
2621;3RD;139574.02;399844.45;38.92404104;-77.00179381
328;EVARTS;139645.84;399920.11;38.92468803;-77.00092131
2737;4TH;139677.88;399973.73;38.92497666;-77.00030295
2741;4TH;139687.99;399973.58;38.92506773;-77.00030468
3845;SUITLAND;132604.7;404287.53;38.86124839;-76.95059936
3738;SOUTHERN;132526.72;404226.06;38.86054621;-76.95130809
3746;SOUTHERN;132547.69;404243.89;38.86073503;-76.95110253
333;35TH;136287.54;403863.33;38.89442683;-76.95546626
3418;EADS;136433.08;403748.03;38.8957384;-76.95679457
3411;EADS;136392.06;403738.52;38.89536892;-76.95690442
3322;ALDEN;135958.43;403512.07;38.89146355;-76.95951702
3393;BLAINE;135982.17;403701.39;38.89167664;-76.95733464
3361;CLAY;136169.19;403635.62;38.89336166;-76.95809177
3364;ALDEN;135957.45;403614.5;38.89145431;-76.95833634
3365;ALDEN;135919.78;403619.32;38.89111495;-76.95828098
3318;AMES;135882.5;403507.22;38.89077957;-76.95957332
3366;ALDEN;135957.45;403619.48;38.89145429;-76.95827893
3368;ALDEN;135957.45;403624.48;38.89145427;-76.9582213
3375;BLAINE;135997.96;403648.68;38.8918191;-76.95794214
3377;BLAINE;135997.97;403653.48;38.89181917;-76.95788681
3355;BAKER;136084.12;403630.73;38.89259533;-76.95814859
317;36TH;136261.37;403941.49;38.89419073;-76.95456544
312;34TH;136238.66;403746.27;38.893987;-76.95681592
312;35TH;136239.05;403823.02;38.89399019;-76.9559312
308;34TH;136227.19;403666.93;38.89388401;-76.95773055
3722;CAMDEN;132557.08;404096.41;38.86082032;-76.95280172
3706;CAMDEN;132523.68;404070.95;38.86051956;-76.95309526
3707;BANGOR;132618.15;404050.83;38.86137068;-76.95332652
3703;BANGOR;132581.04;404041.6;38.86103642;-76.95343309
3655;ALABAMA;132924.79;403928.25;38.86413357;-76.95473713
3655;SUITLAND;132738.17;403970.56;38.86245223;-76.9542507
3658;BANGOR;132592.13;403984.72;38.86113658;-76.95408839
3660;CAMDEN;132468.22;403995.99;38.8600203;-76.95395926
3678;CAMDEN;132491.6;404033.57;38.86023074;-76.95352613
3640;CAMDEN;132444.47;403936.12;38.85980662;-76.9546492
3642;SUITLAND;132801.19;403952.09;38.86302003;-76.95446315
3630;AUSTIN;132663.98;403932.77;38.86178407;-76.95468654
3634;SUITLAND;132805.9;403934.32;38.86306254;-76.95466787
3624;BANGOR;132540.39;403893.63;38.86067089;-76.95513821
3626;AUSTIN;132667.66;403917.47;38.86181729;-76.95486281
3627;36TH;132821.33;404004.7;38.86320122;-76.95385685
3628;CAMDEN;132421;403899.22;38.85959535;-76.95507448
3621;SUITLAND;132744.96;403858.66;38.8625139;-76.95553999
3622;AUSTIN;132666.21;403886.74;38.86180436;-76.95521689
153;DUDDINGTON;134957.21;399629.44;38.88245112;-77.00427084
151;E;135022.22;399651.05;38.88303677;-77.00402181
150;NORTH CAROLINA;135170.54;399622.89;38.88437288;-77.00434644
149;D;135224.69;399636.34;38.88486035;-77.00419145
146;DUDDINGTON;134990.64;399615.78;38.88275227;-77.00442829
146;NORTH CAROLINA;135168.4;399613.42;38.88435326;-77.00445559
1103;HALF;134326.16;399053.12;38.87676595;-77.01091226
142;D;135265.71;399634.34;38.88523021;-77.00421453
1938;FOXVIEW;138730.68;392655.91;38.91641295;-77.08468358
330;NORTH CAROLINA;135315.84;399904.61;38.88568187;-77.00109945
218;2ND;135445.31;399714.7;38.88684781;-77.00328839
218;3RD;135389.78;399842.98;38.88634761;-77.00180981
216;2ND;135449.86;399714.86;38.8868888;-77.00328654
536;1ST;134925.85;399512.28;38.88216856;-77.00562113
533;2ND;134935.37;399674.22;38.8822544;-77.00375472
528;1ST;134944.13;399513.26;38.88233324;-77.00560984
522;1ST;134957.91;399513.83;38.88245737;-77.00560328
521;2ND;134962.94;399673.13;38.88250276;-77.0037673
214;SOUTH CAROLINA;134951.26;399753.64;38.88239757;-77.00283938
161;D;135227.68;399657.39;38.88488763;-77.00394884
160;DUDDINGTON;134990.6;399647.4;38.88275192;-77.00406386
321;2ND;135284.98;399676.44;38.88540348;-77.0037293
455;1ST;135089.46;399470.28;38.8836424;-77.00610531
452;NEW JERSEY;135093.3;399443.38;38.88367698;-77.00641535
435;NEW JERSEY;135107.23;399374.63;38.88380242;-77.00720775
431;NEW JERSEY;135116.98;399372.56;38.88389025;-77.00723162
455;RIDGE;137636.02;398447.83;38.9065812;-77.01789537
425;NEW JERSEY;135134.15;399369.23;38.88404492;-77.00727001
419;NEW JERSEY;135175.23;399359.41;38.88441498;-77.00738323
401;1ST;135219.55;399467.8;38.8848143;-77.006134
225;E;135016.14;399775.4;38.88298204;-77.00258861
222;SOUTH CAROLINA;134960.04;399775.79;38.88247667;-77.0025841
219;E;135020.48;399758;38.88302113;-77.00278916
1908;FOXVIEW;138584.4;392590.67;38.91509467;-77.08543428
154;NORTH CAROLINA;135178.21;399630.09;38.88444164;-77.00426346
518;INDEPENDENCE;135544.48;400112.98;38.88774154;-76.99869777
415;A;135630.16;400018.98;38.88851339;-76.99978123
400;INDEPENDENCE;135549.92;399966.27;38.88779022;-77.00038878
223;5TH;135450.8;400019.06;38.88689731;-76.99978031
12;7TH;135701.45;400351.99;38.88915553;-76.99594281
217;5TH;135469.56;400017.56;38.88706631;-76.9997976
210;4TH;135484.3;399968.32;38.88719943;-77.00036515
204;5TH;135500.35;400063.01;38.88734401;-76.99927374
651;PENNSYLVANIA;135189.7;400280.68;38.88454552;-76.99676497
625;PENNSYLVANIA;135222.9;400211.14;38.88484461;-76.99756645
607;PENNSYLVANIA;135252.63;400167.03;38.88511244;-76.99807485
324;9TH;135268.87;400583.18;38.88525856;-76.99327838
336;6TH;135185.26;400154.28;38.88450555;-76.99822182
334;F;136631.7;399928.9;38.89753563;-77.00081963
320;F;136630.12;399889.6;38.89752139;-77.00127267
319;G;136763.02;399894.45;38.89871861;-77.00121678
230;F;136630.65;399791.45;38.89752615;-77.00240412
226;F;136630.98;399781.43;38.89752912;-77.00251963
703;H;136896.83;400354.55;38.89992395;-76.99591268
666;G;136799.85;400313.41;38.89905033;-76.996387
630;G;136805.45;400223.14;38.89910081;-76.99742763
654;F;136633.4;400292.75;38.8975509;-76.99662524
650;F;136633.32;400282.29;38.89755018;-76.99674582
636;8TH;136731.06;400416.54;38.89843061;-76.99519815
637;7TH;136728.88;400354.59;38.89841099;-76.99591231
637;MORRIS;136680.21;400241;38.8979726;-76.99722178
624;F;136632.83;400217.27;38.89754579;-76.99749536
312;16TH;136214.41;401520.28;38.89377522;-76.98247545
309;15TH;136202.56;401440.07;38.8936686;-76.98340007
1525;D;136306.13;401497.37;38.8946015;-76.98273934
1526;C;136186.28;401488.15;38.89352187;-76.98284588
1527;D;136306.14;401502.5;38.89460159;-76.9826802
215;15TH;136131.91;401440.17;38.89303216;-76.98339906
1534;NORTH CAROLINA;136143.92;401491.41;38.89314027;-76.98280839
1530;NORTH CAROLINA;136140.24;401484.42;38.89310713;-76.98288897
1520;NORTH CAROLINA;136133.26;401465.79;38.89304395;-76.98310374
613;GIRARD;139827.47;400183.23;38.92632419;-76.99788691
612;FRANKLIN;139766.3;400192.86;38.92577315;-76.99777587
520;FRANKLIN;139765.4;400111.69;38.92576506;-76.99871195
2911;7TH;139883.46;400351.83;38.92682852;-76.99594251
2903;7TH;139861.76;400351.65;38.92663304;-76.9959446
2823;7TH;139834.57;400351.7;38.9263881;-76.99594403
2818;6TH;139810.04;400112.66;38.92616719;-76.99870076
3418;NASH;134028.72;403771.39;38.87407891;-76.95653848
3400;NASH;134039.36;403715.12;38.874175;-76.95718688
3401;MASSACHUSETTS;134245.8;403707.54;38.87603472;-76.95727312
3601;AUSTIN;132617.07;403818.12;38.86136199;-76.9560078
3336;DENVER;132294.75;403624.92;38.85845921;-76.95823554
1560;27TH;133704.84;402723;38.87116514;-76.96862141
1522;25TH;133789.44;402542.1;38.87192779;-76.97070571
1509;28TH;133769.55;402773.88;38.87174792;-76.96803484
3517;N;134061.54;403960.51;38.87437373;-76.95435887
3513;N;134061.56;403941.27;38.874374;-76.95458059
3449;MASSACHUSETTS;134159.57;403876.85;38.8752572;-76.95532242
3439;MASSACHUSETTS;134136.7;403822.71;38.87505108;-76.95594647
3421;MASSACHUSETTS;134214.51;403767;38.8757526;-76.95658805
4606;QUARLES;138108.4;405706.58;38.91081974;-76.93420346
1631;KENILWORTH;138222.92;405729.34;38.91185089;-76.93394008
4425;NASH;137688.83;405265.84;38.90704286;-76.93928838
4409;ORD;137831.82;405261.76;38.90833099;-76.93933433
4403;NASH;137685.92;405208.17;38.90701699;-76.9399533
4261;NASH;137684.39;405119.71;38.90700373;-76.9409732
3382;ERIE;132068.06;403743.39;38.8564166;-76.95687183
3388;ERIE;132083.21;403779.57;38.85655292;-76.95645491
3399;HIGHVIEW;132156.01;403775.8;38.85720875;-76.95649794
3521;19TH;130738.61;402018.52;38.84444598;-76.97674822
3512;19TH;130756.84;402068.3;38.84461009;-76.97617474
3506;19TH;130778.73;402066.09;38.84480729;-76.97620013
3503;21ST;130819.33;402221.92;38.84517265;-76.97440495
3413;21ST;130946.72;402228.61;38.84631989;-76.97432747
3415;21ST;130941.19;402225.77;38.84627008;-76.97436021
2016;TRENTON;130862.03;402199.41;38.84555737;-76.97466411
2009;TRENTON;130816.44;402180.46;38.84514672;-76.97488255
2002;TRENTON;130853.79;402152.33;38.84548326;-76.97520647
1904;TRENTON;130839.76;402063.62;38.84535708;-76.9762284
1810;TRENTON;130814.44;401955.9;38.84512924;-76.97746934
3365;DENVER;132179.98;403672.58;38.85742512;-76.95768704
3375;DENVER;132156.44;403694.41;38.85721263;-76.95743566
2415;34TH;132450.33;403646.4;38.85986065;-76.95798724
4235;MEADE;137509.13;405037.06;38.9054254;-76.94192738
4237;MARNE;137593.97;405108.75;38.90618926;-76.94110023
4215;MEADE;137509.72;404963.91;38.90543113;-76.94277073
4212;LANE;137444.47;404962.98;38.90484334;-76.94278192
4125;MEADE;137504.43;404850.74;38.90538411;-76.94407551
4126;LANE;137451.78;404853.09;38.90490947;-76.94404879
4117;MEADE;137507.17;404821.77;38.90540895;-76.94440949
4119;LEE;137292.76;404831.78;38.90347742;-76.94429559
4111;LANE;137399.39;404797.39;38.90443817;-76.94469132
4110;LEE;137343.15;404803.2;38.90393151;-76.94462473
4038;LEE;137377.49;404745.36;38.90424117;-76.94529132
4013;ANACOSTIA;137613.94;404712.07;38.90637137;-76.94567349
4010;LANE;137450.11;404724.46;38.90489513;-76.94553177
4529;DOUGLAS;137994.25;405425.87;38.90979322;-76.93744093
4403;POLK;137952.6;405201.64;38.90941937;-76.94002657
2809;26TH;139811.08;402609.07;38.92617269;-76.9699111
320;DECATUR;142274.04;398538.85;38.94836242;-77.01685585
1908;NEW HAMPSHIRE;138675.91;396711.4;38.91594443;-77.03792009
1004;N;137691.36;397697.62;38.90707841;-77.02654492
1325;MONTELLO;137473.97;401022.01;38.90512217;-76.98821723
626;EDGEWOOD;139654.94;400232.7;38.92476998;-76.99731646
5235;2ND;142931.41;398846.26;38.95428465;-77.01331067
4812;B;135505.84;405776.27;38.88737449;-76.93342182
2428;14TH;139271.76;397211.42;38.92131377;-77.0321569
;MASSACHUSETTS;138403.8;395467.31;38.91348764;-77.05226361
1435;EAST CAPITOL;135743.97;401368.44;38.88953757;-76.98422667
101;40TH;135934.24;404595.68;38.89124064;-76.94702662
1821;S;138488.86;396323.48;38.91425789;-77.04239211
2866;CHANCELLOR'S;139889.61;400011.12;38.92688399;-76.99987176
4460;MACARTHUR;137753.01;392742.21;38.90760683;-77.08367814
3487;STANTON;130687.54;401802.26;38.84398639;-76.9792395
22;O;137833.25;399138.56;38.9083592;-77.00993201
1401;BELMONT;139208.19;397210.06;38.92074111;-77.03217232
;MASSACHUSETTS;141208.9;392235.08;38.93873424;-77.08956414
;GARFIELD;135712.58;398987.4;38.88925528;-77.01167169
729;18TH;136724.73;401948.46;38.89837119;-76.97753829
1798;MISSISSIPPI;130660.25;401935.32;38.84374027;-76.97770684
2915;38TH;140002.6;393551.84;38.92787818;-77.0743647
5510;JAY;136907.7;406892.73;38.89999492;-76.92053928
1118;CONSTITUTION;136038.76;400796.69;38.89219385;-76.99081661
136;RANDOLPH;138366.16;398858.93;38.91315952;-77.0131569
2917;NELSON;134278.42;402853.87;38.87633176;-76.96711095
1123;WEST VIRGINIA;137392.26;400670.68;38.90438677;-76.9922678
2210;16TH;132816.94;401523.2;38.86316947;-76.98244932
31;FRANKLIN;139693.1;399330.65;38.92511351;-77.00771911
339;KENTUCKY;135180.01;401204.51;38.88445744;-76.9861172
4907;CENTRAL;135828.54;405853.23;38.89028099;-76.93253202
3009;ORDWAY;140929.31;394663.63;38.93623372;-77.06154997
511;KENYON;140278.75;398231.55;38.9303877;-77.02039572
1616;22ND;133602.95;402194.61;38.87024875;-76.97471066
3646;BANGOR;132572.53;403964.03;38.86096011;-76.95432689
1222;9TH;134214.58;400554.47;38.87576112;-76.99361013
1215;LAWRENCE;140385.52;400852.05;38.93135089;-76.99017308
14;FRANKLIN;139723.4;399281.26;38.92538642;-77.00828872
131;11TH;135607.57;400712.16;38.8883096;-76.99179143
2118;14TH;132955.97;401249.79;38.86442234;-76.98559936
1500;KEARNY;140355.96;401379.13;38.93108393;-76.98409419
1310;FRANKLIN;139770.2;401103.81;38.92580761;-76.98727046
647;LAMONT;140392.78;398002.53;38.93141443;-77.02303736
612;ROXBORO;144168.06;398111.49;38.96542344;-77.02179109
105;GALVESTON;128529.83;399098.77;38.82455014;-77.01037858
1228;FLORIDA;137191.08;400931.62;38.90257424;-76.98925972
2128;BRANCH;132889.56;403565.51;38.86381775;-76.95891695
733;12TH;134691.64;400820.96;38.88005846;-76.99053846
1345;VALLEY;132757.97;401092.4;38.86263888;-76.98741319
124;V;138937.29;399508.37;38.91830505;-77.00566906
1122;EAST CAPITOL;135859.59;400814.81;38.8905798;-76.99060795
2008;RIDGE;133466.05;402092.73;38.86901575;-76.97588508
741;LONGFELLOW;143295.34;397933.18;38.95756102;-77.02384594
4122;NEW HAMPSHIRE;141521.7;398204.54;38.94158451;-77.02071048
3118;TENNYSON;144968.75;394703.56;38.9726223;-77.06112061
1761;HOBART;140055.18;396368.86;38.92836799;-77.04187714
806;RHODE ISLAND;139362.39;400495.52;38.92213448;-76.99428578
1713;WEST VIRGINIA;138001.44;401204.26;38.90987391;-76.98611514
2025;1ST;138869.4;398967.09;38.917693;-77.01191054
3358;AMES;135879.2;403601.93;38.89074946;-76.95848164
415;34TH;136382.55;403708.72;38.89528338;-76.95724799
6352;31ST;145168.15;394812.84;38.9744192;-77.05986103
3607;10TH;140768.46;397665.75;38.93479784;-77.02692282
7416;7TH;145777.31;397939.75;38.97991955;-77.0237776
633;POWHATAN;143941.71;398077.28;38.96338435;-77.0221852
1815;KEARNY;140338.1;401889.45;38.9309221;-76.97820861
624;QUEBEC;140933.26;398258.43;38.93628378;-77.02008737
1632;A;135915.88;401635.77;38.89108574;-76.98114488
2626;BRENTWOOD;140438.34;402677.8;38.93182304;-76.96911603
1629;HOBART;140023.08;396677.01;38.92808005;-77.03832316
1808;NEWTON;140676.76;396379.81;38.93396709;-77.04175413
1332;MORRIS;132671.33;400916.47;38.86185826;-76.9894404
4001;NEBRASKA;141379.02;392998.5;38.94027281;-77.08076025
4908;1ST;142470.32;398855.64;38.9501307;-77.01320168
4729;47TH;142673.96;391995.12;38.95192976;-77.09234904
1839;MASSACHUSETTS;135177.3;401927.66;38.88443174;-76.97778241
2612;EVARTS;139646.9;402679.19;38.9246935;-76.96910309
4236;40TH;141845.85;393150.35;38.94447968;-77.07901336
3560;APPLETON;142295.27;394069.21;38.94853487;-77.06841785
722;ROCK CREEK CHURCH;140970.33;398064.31;38.93661731;-77.02232647
1343;CLIFTON;139426.93;397287.05;38.92271183;-77.03128537
2236;16TH;139129.94;401605.79;38.92003917;-76.98148294
748;IRVING;140100.29;397843.11;38.92877921;-77.02487508
3608;36TH;132884.13;403969.08;38.86376711;-76.95426691
231;18TH;135353.79;401803.35;38.8860219;-76.97921471
1307;HOLBROOK;137205.34;401434.53;38.90270202;-76.98346184
418;CONSTITUTION;136037.58;400013.69;38.89218358;-76.9998422
3532;HIGHWOOD;133598.13;404005.9;38.87019895;-76.95383849
1931;CALVERT;139512.54;396035.41;38.92347828;-77.04571961
1668;TRINIDAD;137767.11;401441.53;38.90776263;-76.98337996
37;17TH;135663.9;401648.83;38.88881579;-76.98099495
314;MARYLAND;136137.88;399867.66;38.89308678;-77.00152549
5721;NANNIE HELEN BURROUGHS;136705.89;407114.62;38.89817517;-76.91798338
149;THOMAS;138733.11;398794.23;38.91646504;-77.01390356
723;SOMERSET;144328.15;397961.43;38.96686523;-77.02352308
622;PRINCETON;140853.8;398257.9;38.93556798;-77.02009328
;FRENCH;138409.86;397766.75;38.91355108;-77.02575023
133;12TH;135587.08;400824.74;38.88812492;-76.99049382
;ANACOSTIA;138321.4;405047.9;38.91274255;-76.94179643
;SHERIER;139665.22;390985.64;38.92481638;-77.10395547
645;NEW YORK;137291.88;398182.4;38.90348056;-77.02095467
2420;14TH;139250.3;397213.24;38.92112046;-77.03213582
1511;11TH;138023.54;397680.88;38.91007042;-77.02673904
3416;MCKINLEY;144089.75;394037.11;38.96469979;-77.06880376
6680;32ND;145467.98;394865.16;38.97712011;-77.0592595
1332;F;136632.74;401115.78;38.89754429;-76.98713752
723;11TH;136853.57;400755.27;38.89953399;-76.99129316
4236;BENNING;136097.96;405096.41;38.89271274;-76.9412536
331;17TH;135191.25;401646.97;38.88455798;-76.98101752
4420;7TH;141740.22;400270.53;38.9435548;-76.99687937
1844;POTOMAC;135108.76;401935.88;38.88381429;-76.97768786
1431;HAMLIN;139973.17;401342.83;38.9276357;-76.9845136
2209;38TH;139084;393428.28;38.91960222;-77.07578089
1073;44TH;137442.53;405336.6;38.90482368;-76.93847448
4515;SHERIFF;137189.44;405482.83;38.90254286;-76.93679062
4821;16TH;142183.78;401478.01;38.94754931;-76.98294985
3532;12TH;140613.04;400758.06;38.93340054;-76.99125684
3804;V;132960.37;404205.23;38.86445281;-76.95154544
3493;SUMMIT;140070.39;403657.83;38.9285049;-76.95781497
4304;47TH;141989.29;391950.99;38.94576166;-77.09285012
3724;NASH;133813.6;404227.91;38.87213895;-76.95127886
1004;FLORIDA;137349.2;400636.94;38.9039989;-76.99265682
1343;EMERALD;136525.07;401135.06;38.89657434;-76.98691544
2655;30TH;132218.05;403063.78;38.8577704;-76.96470105
4705;8TH;142183.41;397972.86;38.94754488;-77.02338485
2010;C;136191.27;402099.43;38.89356557;-76.97579955
3338;AMES;135881.4;403556.02;38.89076946;-76.95901082
1916;Q;133679.28;402037.71;38.87093674;-76.97651845
1417;SWANN;138571.18;397154.48;38.91500254;-77.0328106
1955;3RD;138825.31;398640.69;38.91729538;-77.01567419
1500;35TH;133692.32;403900.49;38.87104792;-76.95505264
445;5TH;136455.75;400063.18;38.89595061;-76.99927169
535;LEBAUM;131016.29;400155.64;38.84694975;-76.99820709
5119;NEBRASKA;143178.38;393959.72;38.95648941;-77.06968871
4211;MILITARY;143705.37;392839.84;38.96122826;-77.08261463
1402;MONTELLO;137540.91;401009.56;38.90572554;-76.98836066
725;5TH;136867.92;400065.83;38.89966359;-76.9992411
2828;MCKINLEY;144174.67;395010.55;38.96547084;-77.05757219
211;46TH;136060.56;405505.8;38.89237335;-76.93653486
4835;MEADE;137559.48;405888.24;38.90587368;-76.93211364
2407;3RD;139299.37;399841.03;38.92156691;-77.00183319
19;4TH;135666.74;399934.6;38.88884291;-77.00075383
1819;8TH;138538.64;398033.04;38.91471181;-77.02268017
4223;EDSON;136532.44;405061.28;38.89662689;-76.94165534
117;R;138324.09;398875.92;38.91278056;-77.01296093
1731;1ST;138412.11;398968.4;38.91357325;-77.01189475
3210;W;132805.93;403396.89;38.86306505;-76.96086026
7120;PINEY BRANCH;145372.13;398171.11;38.97627011;-77.02110636
7341;8TH;145697.96;397901.96;38.97920466;-77.0242135
2511;I;137003.43;395320.77;38.90087186;-77.05394373
505;2ND;136516.48;399717.81;38.89649764;-77.00325298
515;G;136764.14;400097.81;38.8987287;-76.99887245
425;20TH;136399.54;402080.32;38.89544179;-76.9760192
1621;EAST CAPITOL;135738.01;401613.32;38.88948346;-76.98140408
939;JEFFERSON;143106.99;400671.17;38.95586682;-76.99225656
1237;C;135259.1;400903.57;38.88517028;-76.98958564
1614;GIRARD;139923.34;401616.16;38.92718635;-76.98136149
4105;13TH;141335.57;401138.98;38.9399089;-76.98686227
612;4TH;136656.69;399929.93;38.89776075;-77.00080776
908;4TH;134566.85;399964.74;38.87893435;-77.00040636
101;DUDDINGTON;134962.81;399515.44;38.88250151;-77.00558473
1700;OTIS;140886.08;401633.33;38.93585898;-76.98116119
15;49TH;135851.7;406004;38.8904886;-76.93079395
4514;3RD;128626.07;399930.47;38.82541757;-77.00080072
4330;HAYES;136900.78;405228.38;38.89994405;-76.93972627
5212;1ST;142881.31;398978.88;38.9538335;-77.01178056
4635;EAST CAPITOL;135740.37;405646.09;38.88948807;-76.93492037
3723;GRANT;136960.85;404284.59;38.90049029;-76.95060608
130;ADAMS;139131.34;398851.44;38.9200525;-77.01324454
5037;12TH;142639.54;400844.38;38.95165576;-76.99025877
53;ADAMS;139175.14;399054.55;38.92044731;-77.01090246
2806;JASPER;131543.68;401238.55;38.85169985;-76.98573142
1840;REDWOOD;146835.6;396393.79;38.98944786;-77.04162528
4933;12TH;142362.09;400843.22;38.94915641;-76.99027249
3916;12TH;141096.62;400804.54;38.93775674;-76.9907202
13;53RD;135702.51;406499.82;38.88914112;-76.92508022
3314;24TH;140423.62;402395.76;38.93169125;-76.97236894
1810;IRVING;140147.49;401846.71;38.92920511;-76.97870205
1010;5TH;137233.96;400019.75;38.90296101;-76.99977231
1735;PARK;140535.62;396529.59;38.93269659;-77.0400259
3817;WOODLEY;140497.11;393507.05;38.93233221;-77.07488593
4234;40TH;141840.72;393150.95;38.94443347;-77.07900639
2411;NEWTON;140670.39;402470.38;38.93391402;-76.97150744
1107;BLADENSBURG;137344.8;401684.25;38.90395788;-76.98058256
4221;4TH;141658.81;398533.55;38.94282025;-77.01691567
3704;LIVINGSTON;143887.25;393774.61;38.9628738;-77.07183082
4105;8TH;141470.59;397998.55;38.94112365;-77.02308641
1823;14TH;138549.18;397264.07;38.9148047;-77.03154688
22;CRITTENDEN;142281.32;399322.06;38.94842862;-77.00782073
3511;WOODLEY;140455.08;393938.11;38.93195701;-77.06991396
3859;BEECHER;139337.92;393357.18;38.92188908;-77.07660322
4401;6TH;141654.21;400263.29;38.94278;-76.99696292
1264;BARNABY;129578.13;401114.59;38.83399347;-76.98716267
2334;GEORGIA;139192.42;398067.55;38.92060102;-77.02228409
2854;CHANCELLOR'S;139869.02;399995.95;38.92669851;-77.00004671
;HAREWOOD;141130.18;399619.25;38.93805934;-77.0043917
329;C;135336.89;399918.7;38.8858715;-77.00093706
3324;CLAY;136210.27;403553.16;38.89373206;-76.95904208
3942;BLAINE;136026.85;404442.43;38.8920757;-76.9487925
1646;21ST;138288.53;395934.94;38.91245154;-77.04687098
4830;DAVENPORT;142673.5;391685.96;38.95192274;-77.09591569
867;21ST;137171.5;402258.5;38.90239544;-76.9739627
4273;BROOKS;136164.24;405214.41;38.89330912;-76.93989291
605;10TH;136638.93;400658.36;38.89760052;-76.99241055
200;11TH;136034.28;400712.24;38.89215357;-76.99179006
1221;HALF;134145.82;399323.25;38.87514129;-77.00779899
1248;1ST;134166.26;398962.27;38.8753254;-77.01195901
3238;M;137461.2;394440.98;38.90499049;-77.06408994
5314;BASS;135294.92;406494.61;38.8854691;-76.92514412
601;E;136501.31;398246.73;38.89635928;-77.020211
1364;EMERALD;136557.28;401208.34;38.8968644;-76.98607064
6617;32ND;145296.75;394760.12;38.97557734;-77.06047042
2733;UNICORN;145180.49;395279.04;38.97453299;-77.05448106
;WEST BEACH;146879.11;396188.85;38.98983894;-77.04399108
2412;17TH;132121.65;401694.78;38.85690569;-76.98047405
2410;18TH;132127.56;401842.09;38.85695864;-76.97877684
1812;MORRIS;132040.34;401867.02;38.85617287;-76.97848985
1729;ERIE;132145.77;401803.7;38.85712276;-76.97921909
2431;15TH;131798.43;401482.69;38.85399437;-76.98291828
2425;15TH;131817.22;401476.72;38.85416365;-76.98298702
2392;ELVANS;131861.81;401297.19;38.85456562;-76.98505526
1509;TRINIDAD;137494.28;401342.05;38.90530504;-76.98452744
1425;ORREN;137412.35;401378.39;38.90456693;-76.98410864
1420;HOLBROOK;137352.82;401460.35;38.90403053;-76.98316385
1413;STAPLES;137348.03;401426.13;38.90398743;-76.98355838
1401;STAPLES;137319.58;401411.36;38.90373117;-76.98372872
1401;TRINIDAD;137385.29;401284.7;38.9043233;-76.98518883
1426;MORRIS;132447.58;401115.34;38.85984273;-76.98714938
1419;BANGOR;132504.67;401106.75;38.86035703;-76.98724826
1453;BANGOR;132503.41;401210.74;38.86034555;-76.98605011
1627;VARNUM;141705.08;401523.51;38.94323697;-76.98242603
1623;VARNUM;141705.67;401511.16;38.9432423;-76.98256849
330;CONSTITUTION;136040.34;399917.99;38.89220844;-77.00094532
1620;MICHIGAN;141650.9;401540.19;38.94274887;-76.98223375
4323;VARNUM;141504.65;400309.97;38.9414327;-76.99642453
4314;10TH;141626.36;400616.94;38.94252894;-76.99288355
4310;13TH;141607.43;400992.16;38.94235807;-76.98855539
4306;12TH;141581.8;400823.94;38.94212736;-76.99049585
4308;13TH;141601.11;400992.22;38.94230114;-76.98855471
4309;VARNUM;141569.31;400288.95;38.94201519;-76.99666697
4300;13TH;141562.16;400990.96;38.94195026;-76.9885693
4218;12TH;141527.9;400909;38.94164173;-76.98951475
3524;12TH;140593.42;400758.69;38.9332238;-76.9912496
3317;9TH;140349.1;400574.99;38.93102303;-76.99336852
3214;10TH;140240.33;400629.45;38.93004282;-76.99274052
3210;10TH;140230.15;400633.41;38.92995145;-76.99269486
3215;MASSACHUSETTS;134388.27;403436.42;38.87731925;-76.96039688
3206;LOUD;134305.55;403450.03;38.87657402;-76.96024044
3207;LOUD;134265.91;403456.07;38.87621691;-76.96017104
21;RANDLE;134399.04;403388.8;38.87741646;-76.96094562
3140;Q;133662.51;403386.03;38.87078151;-76.96098117
3143;O;133810.62;403367.36;38.87211582;-76.96119559
3112;P;133796.2;403282.43;38.87198624;-76.96217437
3113;NASH;133958.55;403314.76;38.87344863;-76.96180102
3115;Q;133662.39;403285.85;38.87078081;-76.9621356
3111;Q;133663.54;403270.72;38.87079123;-76.96230994
3101;NASH;133977.83;403268.73;38.87362249;-76.96233138
2026;MARYLAND;137358.03;402213.91;38.90407589;-76.97447616
2009;M;137506.32;402197.62;38.90541177;-76.97466349
1732;H;136947.44;401921.96;38.90037783;-76.97784316
1930;I;137193.38;402155.06;38.90259281;-76.97515515
1933;BENNETT;136832.32;402153.69;38.89934025;-76.97517208
1926;I;137188.88;402146.43;38.90255229;-76.97525466
1925;BENNETT;136831.54;402134.32;38.89933327;-76.97539538
1917;BENNETT;136832.28;402114.66;38.89933999;-76.97562202
1934;QUINCY;141058.93;401989.78;38.93741533;-76.97704939
1926;RANDOLPH;141177.92;401991.61;38.93848722;-76.97702794
1927;SHEPHERD;141281.01;401985.21;38.9394159;-76.97710146
1905;RANDOLPH;141137.07;401931.3;38.93811937;-76.9777237
512;D;136343.51;400090.17;38.89493951;-76.99896058
509;F;136586.9;400076.55;38.89713206;-76.99911755
1822;L;137335.24;401951.87;38.90387121;-76.97749724
1814;L;137338.89;401934.67;38.90390379;-76.97769553
1804;L;137337.09;401913.16;38.90388796;-76.97794352
1770;LYMAN;137472.94;402012.32;38.90511152;-76.97679992
1721;HIGHWOOD;133444.05;403792.77;38.86881188;-76.95629532
1711;33RD;133461.58;403668.34;38.86897032;-76.95772905
2911;N;134063.22;402968.51;38.87439278;-76.96579072
2907;N;134063.64;402953.36;38.87439661;-76.96596531
4619;EAST CAPITOL;135741;405606.79;38.889494;-76.93537336
4613;EAST CAPITOL;135739.21;405591.88;38.88947797;-76.93554523
4839;BASS;135373.16;405795.68;38.88617914;-76.93319922
4824;B;135490.23;405802.61;38.8872337;-76.93311836
4819;B;135461.22;405775.56;38.88697255;-76.93343038
4819;BASS;135391.65;405749.15;38.88634601;-76.93373537
1915;H;136904.02;402111.43;38.89998625;-76.97565903
1918;BENNETT;136867.78;402120.74;38.89965977;-76.97555182
3705;S;133338.04;403922.01;38.86785633;-76.95480667
3656;HIGHWOOD;133790.82;404002.02;38.87193479;-76.95388208
3699;HIGHWOOD;133844.56;403905.35;38.87241934;-76.95499577
3635;HIGHWOOD;133740.03;404090.78;38.87147685;-76.95285955
3208;POPE;134052.16;403441.54;38.87429142;-76.96033956
1721;38TH;133400.24;404064.53;38.868416;-76.95316405
1635;38TH;133516.04;404234.94;38.86945804;-76.95119969
1523;38TH;133638.94;404212.65;38.87056561;-76.95145579
1501;35TH;133690.43;403851.07;38.87103111;-76.95562214
1447;35TH;133771.74;403823.67;38.87176371;-76.95593743
1441;35TH;133798.19;403824.2;38.87200198;-76.95593118
1404;34TH;133816.76;403776.08;38.87216947;-76.9564856
1406;34TH;133775.87;403784.86;38.87180074;-76.95638464
3330;M;134225.31;403600.7;38.87585059;-76.95850448
4840;EASTERN;142368.31;401540.23;38.9492115;-76.98223167
4808;EASTERN;142231.99;401678.34;38.94798324;-76.98063875
4801;QUEENS CHAPEL;142159.85;401673.87;38.94733339;-76.98069049
4756;EASTERN;142153.88;401754.49;38.94727945;-76.97976049
4724;EASTERN;142083.36;401820;38.94664406;-76.97900496
4713;QUEENS CHAPEL;142057.45;401775.87;38.94641074;-76.9795141
4501;17TH;141834.05;401611.23;38.94439861;-76.98141386
4410;16TH;141762.09;401397.97;38.94375074;-76.98387404
4351;16TH;141705.51;401440.82;38.94324098;-76.98337987
4343;16TH;141678.99;401441;38.94300208;-76.98337785
1704;ALLISON;141949.25;401620.64;38.94543635;-76.98130504
3312;POPE;133891.99;403647.05;38.87284772;-76.9579721
3244;POPE;133970.56;403551.47;38.8735559;-76.95907314
3828;NASH;133773.45;404342.49;38.8717767;-76.94995873
3830;CARPENTER;133649.18;404335.59;38.87065726;-76.95003903
3816;POPE;133695.84;404279.18;38.87107787;-76.95068878
3811;POPE;133655.39;404278.47;38.87071348;-76.95069721
3801;POPE;133652.4;404253;38.87068667;-76.95099073
3741;NASH;133767.58;404227.65;38.87172438;-76.95128214
3728;NASH;133808.9;404241.78;38.87209654;-76.95111906
3729;S;133297.32;404002.15;38.86748914;-76.95388346
3721;CARPENTER;133553.32;404224.43;38.86979426;-76.95132057
1704;MICHIGAN;141752.61;401701.69;38.9436648;-76.98037057
1678;VARNUM;141742.56;401693.79;38.94357429;-76.98046173
1738;ALLISON;141951.9;401734.43;38.94546;-76.97999241
1743;ALLISON;141904.43;401738.41;38.94503237;-76.97994661
1736;WEBSTER;141841.6;401713.91;38.94446643;-76.98022939
1732;WEBSTER;141839.31;401701.76;38.94444582;-76.98036955
1727;ALLISON;141903.31;401689;38.94502204;-76.98051659
1715;ALLISON;141903.26;401652.14;38.945022;-76.98094178
1633;CRITTENDEN;142104.22;401574.07;38.94683211;-76.9818419
1634;VARNUM;141745.35;401555.49;38.94359967;-76.98205704
1626;VARNUM;141742.78;401528.46;38.94357657;-76.98236885
4653;A;135598.98;405686.26;38.88821412;-76.93445852
4618;BASS;135491.55;405656.03;38.88724655;-76.93480785
1616;BUCHANAN;142054.2;401525.8;38.94638194;-76.98239884
1612;CRITTENDEN;142153.19;401513.78;38.94727369;-76.98253728
1612;MICHIGAN;141651.67;401509.27;38.94275586;-76.98259041
1655;VARNUM;141705.04;401611.47;38.94323645;-76.9814114
1647;VARNUM;141705.78;401586.18;38.94324316;-76.98170312
1647;WEBSTER;141795.31;401593.9;38.94404966;-76.98161386
1649;CRITTENDEN;142105.29;401622.13;38.946842;-76.98128748
1640;MICHIGAN;141653.42;401612.41;38.94277144;-76.98140067
1635;VARNUM;141705.48;401548.52;38.94324053;-76.98213754
1637;CRITTENDEN;142105.65;401586.1;38.9468453;-76.98170312
1632;BUCHANAN;142054.34;401574.01;38.94638311;-76.9818427
1820;MICHIGAN;141857.16;401762.42;38.9446065;-76.97966977
4438;SOUTH DAKOTA;141731.16;401310.65;38.94347225;-76.98488136
4409;14TH;141674.96;401267.05;38.94296604;-76.9853844
3300;CARPENTER;133511.32;403629.35;38.86941856;-76.95817808
3259;O;133580.71;403568.52;38.8700439;-76.95887868
3245;MASSACHUSETTS;134332.64;403540.91;38.8768177;-76.95919297
3222;M;134228.15;403464.5;38.87587672;-76.96007408
3215;LOUD;134267.41;403483.62;38.87623031;-76.95985353
4436;7TH;141809.92;400247.91;38.94418268;-76.99714027
4214;13TH;141508.08;400992.22;38.9414631;-76.98855484
4216;13TH;141520.98;400992.15;38.9415793;-76.98855563
4210;13TH;141487.97;400992.34;38.94128194;-76.98855349
4203;12TH;141453.41;400870.41;38.94097074;-76.98995998
4204;10TH;141462.47;400618.1;38.94105257;-76.99287032
4429;7TH;141778.17;400303.01;38.94389665;-76.99650469
4425;6TH;141764.27;400228.06;38.94377146;-76.99736927
4426;7TH;141764.98;400262.17;38.94377785;-76.9969758
4403;6TH;141661.42;400261.66;38.94284461;-76.99698172
4400;6TH;141652.77;400211.71;38.9427667;-76.9975579
3245;POPE;133884.94;403588.66;38.87278445;-76.95864501
3226;HIGHWOOD;133894.5;403499.65;38.87287093;-76.9596707
1737;HIGHWOOD;133446.39;403865.18;38.86883264;-76.95546092
1730;33RD;133437.34;403729.08;38.8687517;-76.95702927
328;CONSTITUTION;136040.5;399912.53;38.89220988;-77.00100826
226;C;136212.15;399783.72;38.89375615;-77.0024931
219;C;136174.53;399761.63;38.89341725;-77.00274772
217;C;136172.05;399755.92;38.89339457;-77.00281354
205;C;136172.57;399725.13;38.89339925;-77.00316846
322;MARYLAND;136148.57;399888.38;38.89318308;-77.00128665
320;MARYLAND;136145.8;399883.14;38.89315813;-77.00134706
517;C;136112.24;400111.3;38.89285614;-76.99871704
510;CONSTITUTION;136038.2;400089.1;38.89218916;-76.99897295
408;CONSTITUTION;136041.26;399987.01;38.8922164;-77.00014973
1719;LYMAN;137441.51;401882.12;38.90482868;-76.97830109
1711;LANG;137374.4;401862.61;38.90422417;-76.9785262
1708;LANG;137404.93;401857.92;38.9044992;-76.97858019
1710;LYMAN;137473.12;401862.86;38.90511347;-76.97852305
1849;M;137507.83;402042.28;38.90542575;-76.97645441
1841;L;137298.53;402005.44;38.90354039;-76.97687975
1825;M;137507.94;401977.28;38.90542689;-76.9772038
4309;13TH;141605.73;401126.42;38.94234259;-76.9870067
4305;13TH;141589.21;401127.66;38.94219377;-76.98699242
4223;13TH;141521.43;401034.56;38.94158331;-76.98806644
4224;13TH;141527.43;401087.58;38.94163729;-76.98745485
4443;13TH;141794.14;401036.6;38.94403995;-76.98804249
4426;13TH;141767.27;401083.31;38.94379785;-76.98750372
4423;13TH;141731.57;401035.02;38.94347631;-76.98806081
4418;13TH;141742.95;401083.85;38.94357876;-76.98749753
4402;14TH;141687.73;401217.52;38.94308115;-76.98595571
4404;13TH;141700.08;401082.86;38.94319258;-76.98750902
4325;13TH;141647.3;401126.82;38.94271707;-76.98700202
4323;13TH;141639.71;401126.84;38.94264869;-76.9870018
4307;13TH;141594.69;401128.14;38.94224314;-76.98698688
3101;P;133746.63;403298.56;38.87153963;-76.96198873
3047;O;133852;403263.64;38.87248898;-76.96239063
3032;NASH;134020.03;403192.81;38.87400292;-76.96320608
3027;O;133869.57;403188.91;38.87264753;-76.96325172
3016;O;133923.3;403146.95;38.8731317;-76.96373501
3011;O;133877.28;403124.97;38.87271721;-76.96398852
3009;NASH;133981.77;403154.8;38.87365839;-76.96364428
1369;BRANCH;133860.45;403375.55;38.87256468;-76.96110097
3425;HIGHWOOD;133514.01;403799.83;38.86944207;-76.95621358
3409;HIGHWOOD;133529.33;403732.76;38.86958037;-76.95698636
3313;HIGHWOOD;133754.78;403594.18;38.87161189;-76.95858208
3309;HIGHWOOD;133764.54;403585.8;38.87169985;-76.9586786
402;CONSTITUTION;136038.05;399969.59;38.89218782;-77.00035053
219;5TH;136088.78;400065.35;38.89264481;-76.99924671
216;5TH;136078.3;400020.2;38.89255007;-76.99976715
626;CONSTITUTION;136037.93;400220.45;38.89218671;-76.99745889
602;CONSTITUTION;136036.13;400157.47;38.89217051;-76.99818485
213;6TH;136080.22;400151.35;38.89256769;-76.99825539
3531;TEXAS;133426.23;404033.74;38.86865027;-76.95351869
3520;CARPENTER;133650.32;403985.98;38.87066919;-76.95406774
3512;POPE;133739.83;403920.86;38.87147582;-76.95481763
3505;CARPENTER;133603.96;403922.07;38.87025184;-76.95480447
3500;HIGHWOOD;133519.62;403909.43;38.86949213;-76.9549506
3442;HIGHWOOD;133543.29;403866.38;38.86970555;-76.95544654
3437;CARPENTER;133593.98;403881.03;38.87016212;-76.95527744
3422;CARPENTER;133645.41;403853.8;38.87062554;-76.95559094
3370;HIGHWOOD;133672.06;403688.96;38.87086632;-76.95749032
3336;HIGHWOOD;133784.25;403635.41;38.87187687;-76.95810681
3318;HIGHWOOD;133795.71;403622.55;38.87198049;-76.95825494
1336;MICHIGAN;141609.4;401173.1;38.94237559;-76.98646824
1334;VARNUM;141684.89;401166.07;38.94305564;-76.9865492
1332;MICHIGAN;141604.79;401168.87;38.94233407;-76.98651704
627;BUCHANAN;142020.44;400238.41;38.94607911;-76.99724979
602;ALLISON;141977.66;400165.05;38.94569375;-76.99809605
601;BUCHANAN;142020.22;400095.78;38.94607715;-76.99889512
600;ALLISON;141975.02;400157.73;38.94566997;-76.99818049
4630;12TH;141996.89;400825.92;38.94586661;-76.99047251
4608;12TH;141937.11;400823.73;38.94532809;-76.99049784
4523;7TH;141940.01;400277.13;38.94535456;-76.99680316
4518;6TH;141886.95;400141.55;38.94487661;-76.99836716
4515;6TH;141896.22;400185.76;38.94496011;-76.99785717
4517;6TH;141906.47;400182.77;38.94505211;-76.99789166
4507;6TH;141861.25;400195.25;38.94464509;-76.99774771
4503;6TH;141843.82;400200.85;38.94448807;-76.99768312
4435;7TH;141806.65;400295.43;38.94415321;-76.99659212
6;BRANDYWINE;129177.62;399395.35;38.83038598;-77.00696373
4001;1ST;129248.76;399468.52;38.83102689;-77.00612109
4845;16TH;142255.72;401478.63;38.94819736;-76.98294254
4846;EASTERN;142394.09;401514.56;38.94944378;-76.98252775
4849;QUEENS CHAPEL;142263.1;401574.75;38.94826334;-76.98183369
4677;A;135557.93;405731.94;38.88784403;-76.93393234
2425;17TH;132065.65;401639.59;38.85640099;-76.98111004
2418;17TH;132091.16;401695.75;38.85663102;-76.98046294
507;L'ENFANT;135111.46;397901.24;38.88383824;-77.02418943
;ANACOSTIA;138289.47;405045.56;38.91245492;-76.94182365
4301;CANAL;137654.65;393103.42;38.90672334;-77.07951261
925;7TH;134534.44;397991.75;38.8786401;-77.02314456
1351;BRENTWOOD;139642.56;401209.54;38.92465732;-76.98605137
1352;DEXTER;132501.59;400889.55;38.8603292;-76.9897508
1346;DEXTER;132512.64;400898.15;38.86042874;-76.98965169
3450;EADS;136422.7;403811.82;38.89564429;-76.95605929
4928;FOOTE;136598.28;406017.31;38.89721365;-76.93063399
725;MORTON;140471.4;397875.18;38.93212203;-77.02450637
2001;24TH;138818.1;395458.67;38.91721941;-77.05236597
2201;M;137519.12;395736.76;38.90551916;-77.04915126
;JOHN MCCORMACK;142055.59;399983.65;38.94639545;-77.00018861
;JOHN MCCORMACK;142413.98;399868.13;38.94962391;-77.00152128
2905;32ND;140021.19;394540.83;38.92805234;-77.06295913
2006;37TH;138819.77;393657.74;38.91722364;-77.07313246
508;WHITTIER;144793.7;398231.23;38.9710596;-77.02041105
5713;CHILLUM;143563.85;399716.71;38.95998221;-77.00326857
5518;CONNECTICUT;143970.42;393491.15;38.96362063;-77.07510227
3554;13TH;140653.04;397398.65;38.93375702;-77.03000306
2603;BRENTWOOD;140381.14;402653.36;38.9313075;-76.96939812
;ANACOSTIA;134191.09;401926.98;38.87554725;-76.97779302
;ANACOSTIA;136041.91;403344.98;38.89221589;-76.96144263
2456;ELVANS;131791.09;401000.12;38.85392893;-76.98847787
1431;VARNUM;141693.61;397030.45;38.94312994;-77.03425426
3844;CALVERT;139389.65;393394.72;38.92235537;-77.07617082
4834;16TH;142377.39;396810.96;38.94928886;-77.03678929
1519;VARNUM;141694.83;396927.3;38.94314058;-77.03544411
511;48TH;136404.91;405737.11;38.89547391;-76.93386568
6024;8TH;143932.74;397877.91;38.96330308;-77.02448559
201;VARNUM;141729.98;398764.68;38.94346173;-77.01424969
233;WHITTIER;144803.65;398768.9;38.97115015;-77.01420653
1315;SHEPHERD;141286.46;401080.26;38.93946657;-76.98753966
2628;10TH;139561.84;400637.05;38.9239311;-76.9926535
2509;10TH;139486;400678.39;38.92324788;-76.99217684
2927;10TH;139942.85;400676.04;38.92736333;-76.99220349
2928;10TH;139935.53;400634.4;38.92729742;-76.99268371
2918;10TH;139910;400634.91;38.92706744;-76.99267786
2917;10TH;139905.19;400678.48;38.92702408;-76.99217539
2910;10TH;139889.57;400635.51;38.9268834;-76.99267096
2907;10TH;139890.17;400678.46;38.92688877;-76.99217563
2824;12TH;139822.6;400804.51;38.92627997;-76.99072204
2810;12TH;139793.52;400801.88;38.92601801;-76.9907524
2800;12TH;139777.86;400795.53;38.92587695;-76.99082565
309;A;135879.24;399858.71;38.89075719;-77.00162861
301;CONSTITUTION;136001.66;399842.41;38.89185999;-77.00181652
407;A;135879.11;399980.84;38.89075569;-77.00022085
20;5TH;135856.3;400020.85;38.89055021;-76.99975967
304;EAST CAPITOL;135808.56;399853.99;38.89012014;-77.001683
3110;SHERMAN;140140.26;397700.36;38.92913891;-77.02652153
5024;6TH;142532.32;400155.63;38.95069028;-76.99820459
701;EMERSON;142443.61;400301.74;38.94989112;-76.99651905
661;EMERSON;142443.72;400283.49;38.94989212;-76.99672959
639;EMERSON;142441.99;400206.04;38.94987656;-76.99762307
5030;SOUTH DAKOTA;142494;400502.29;38.95034496;-76.99420541
5025;8TH;142507.46;400488.83;38.95046622;-76.99436068
5011;8TH;142481.66;400460.38;38.95023382;-76.99468891
506;BRANDYWINE;129165.02;400106.62;38.83027268;-76.99877206
500;BRANDYWINE;129164.2;400091.11;38.83026529;-76.99895069
449;ATLANTIC;129220.4;400112.05;38.83077157;-76.99870952
447;ATLANTIC;129220.36;400106.14;38.83077121;-76.99877758
419;BRANDYWINE;129120.67;400015.08;38.82987316;-76.99982633
414;BRANDYWINE;129167.54;400004.87;38.83029539;-76.99994391
413;BRANDYWINE;129120.68;399999.98;38.82987325;-77.00000023
607;FORRESTER;128569.71;400106.02;38.82490985;-76.99877907
402;BRANDYWINE;129166.25;399974.42;38.83028377;-77.0002946
703;BONINI;128614.69;400231.86;38.82531503;-76.99732987
634;SOUTHERN;128564.67;400266.51;38.82486441;-76.99693085
628;SOUTHERN;128550.29;400250.05;38.82473487;-76.99712041
622;SOUTHERN;128537.66;400236.88;38.8246211;-76.99727208
617;FORRESTER;128558.17;400139.78;38.82480589;-76.99839029
616;GALVESTON;128528.93;400123.25;38.82454248;-76.99858065
3519;17TH;140655.82;401648.11;38.9337847;-76.98099127
3401;16TH;140487.94;401523.22;38.93227261;-76.98243208
3301;16TH;140366.01;401528.82;38.93117422;-76.98236776
3209;16TH;140279.64;401544.57;38.93039614;-76.98218631
3208;17TH;140306.26;401627.97;38.93063579;-76.98122438
3121;16TH;140181.21;401547.43;38.92950945;-76.98215355
1710;JACKSON;140276.79;401702.79;38.93037018;-76.98036155
1723;JACKSON;140225.27;401738.43;38.92990567;-76.97995064
605;GALVESTON;128504.69;400069.31;38.82432412;-76.99920183
604;GALVESTON;128470.81;400059.2;38.82401891;-76.99931826
603;ELMIRA;128638.59;400124.1;38.82553035;-76.99857084
603;FORRESTER;128573.96;400093.01;38.82494814;-76.99892889
600;DARRINGTON;128746.98;400148.36;38.82650677;-76.99829144
4637;6TH;128325.42;400017.4;38.82270917;-76.99979963
4412;BARNABY;128564.84;400217.22;38.82486596;-76.99749848
4406;BARNABY;128582.59;400221.53;38.82502586;-76.99744884
4032;7TH;141366.79;400355.57;38.9401908;-76.99589861
319;9TH;135279.2;400518.27;38.88535132;-76.99402651
328;8TH;135259.39;400459.63;38.88517323;-76.9947024
222;8TH;135456.39;400462.08;38.88694788;-76.99467403
215;9TH;135470.71;400514.7;38.88707652;-76.99406751
250;9TH;135373.66;400563.87;38.88620256;-76.99350085
248;10TH;135386.25;400657.66;38.88631591;-76.99241982
623;SOUTH CAROLINA;135039.82;400212.13;38.88319536;-76.9975551
620;E;135006.57;400203.53;38.88289583;-76.99765423
606;G;134849.25;400167.03;38.8814783;-76.99807495
222;CROMWELL;139463.61;399767.42;38.92304642;-77.00268209
220;CHANNING;139407.3;399762.57;38.92253916;-77.002738
411;FRANKLIN;139723.68;400011.36;38.92538924;-76.99986899
401;EVARTS;139605.9;399976.67;38.92432824;-77.00026904
2737;6TH;139725.24;400155.26;38.92540328;-76.9982095
2717;6TH;139683.2;400155.48;38.92502457;-76.99820697
2712;6TH;139669.98;400102.19;38.92490549;-76.99882152
312;CHANNING;139407.17;399868.45;38.92253801;-77.00151701
322;BRYANT;139288.94;399911.57;38.92147296;-77.00101975
316;BRYANT;139288.99;399897.89;38.92147341;-77.0011775
229;CHANNING;139365.87;399796.23;38.92216595;-77.00234983
224;CHANNING;139407.24;399772.51;38.92253862;-77.00262338
637;D;135139.24;400248.08;38.88409096;-76.99714072
635;D;135137.74;400240.37;38.88407745;-76.99722959
408;6TH;135116.03;400156.19;38.8838819;-76.99819982
658;E;135010.67;400296.01;38.88293274;-76.99658836
5414;D;135034.62;406666.75;38.88312293;-76.92316259
650;E;135007.92;400277.88;38.88290797;-76.99679731
622;FRANKLIN;139765.76;400232.96;38.92576828;-76.99731342
622;GIRARD;139868.68;400214.29;38.92669542;-76.9975287
920;4TH;134568.92;399998.03;38.87895333;-77.0000227
618;FRANKLIN;139765.73;400222.33;38.92576801;-76.99743601
621;GIRARD;139827.87;400208.67;38.92632779;-76.99759352
6;GIRARD;139804.59;399279.35;38.92611781;-77.00831084
5;GIRARD;139763.19;399282.97;38.92574487;-77.00826904
49;GIRARD;139781.57;399412.86;38.9259102;-77.00677112
45;FRANKLIN;139873.83;399436.3;38.92674166;-77.00650088
43;FRANKLIN;139699.12;399365.85;38.92516777;-77.00731318
41;MICHIGAN;139856.51;399353.41;38.92658558;-77.00745679
38;GIRARD;139817.09;399365.02;38.92623048;-77.00732286
35;BRYANT;139249.61;399342.63;38.92111842;-77.00758053
33;GIRARD;139777.71;399367.03;38.92587573;-77.00729965
2907;NORTH CAPITOL;139808.57;399244.43;38.92615363;-77.00871355
28;RHODE ISLAND;138841.75;399305.06;38.91744425;-77.00801336
2711;NORTH CAPITOL;139669.67;399245.33;38.92490238;-77.00870302
211;10TH;135480.77;400618.69;38.88716741;-76.99286891
201;10TH;135511.57;400619.79;38.88744487;-76.9928562
313;11TH;135309.53;400712.34;38.88562441;-76.99178966
301;11TH;135339.57;400712.88;38.88589536;-76.99178341
324;10TH;135281.04;400656.8;38.88536814;-76.99242984
418;10TH;135078.03;400656.36;38.88353935;-76.9924351
411;11TH;135093.03;400711.33;38.88367443;-76.99180153
410;10TH;135098.82;400655.44;38.88372663;-76.99244568
405;11TH;135110.38;400712.01;38.88383073;-76.99179367
345;11TH;135176.3;400713.22;38.88442456;-76.99177966
335;11TH;135202.97;400714.81;38.88466481;-76.9917613
321;EAST CAPITOL;135742.72;399908.16;38.88952737;-77.00105859
404;A;135668.41;399979.81;38.88885796;-77.00023272
330;A;135666.41;399927.19;38.88883994;-77.00083924
327;A;135627.25;399926.08;38.88848684;-77.00085203
325;A;135627.09;399919.09;38.8884854;-77.0009326
23;5TH;135684.23;400021.64;38.88900014;-76.99975057
20;3RD;135689.83;399842.37;38.88905057;-77.00181691
15;4TH;135699.59;399928.92;38.88913884;-77.0008193
514;SEWARD;135433.61;400097.52;38.88674279;-76.99887598
511;EAST CAPITOL;135739.21;400092.75;38.88949575;-76.99893092
510;SEWARD;135432.29;400086.52;38.8867309;-76.99900277
508;INDEPENDENCE;135549.81;400081.71;38.88778956;-76.99905819
645;E;134962.2;400272.39;38.88249578;-76.99686061
641;SOUTH CAROLINA;135054.72;400252.28;38.88332957;-76.99709235
629;SOUTH CAROLINA;135044.74;400224.86;38.88323968;-76.99740838
5336;CALL;135136.75;406519.74;38.88404406;-76.92485598
1423;JACKSON;140198.89;401285.39;38.92966914;-76.98517561
4113;13TH;141372.44;401138.43;38.94024103;-76.98686855
4115;13TH;141376.23;401037.15;38.9402753;-76.98803678
4101;13TH;141324.05;401138.12;38.93980512;-76.98687221
4107;13TH;141347.04;401037.33;38.94001235;-76.98803475
1536;TAYLOR;141454.94;401451.77;38.94098376;-76.98325409
1504;TAYLOR;141452.63;401351.12;38.94096311;-76.98441508
4111;12TH;141407.52;400866.65;38.94055735;-76.99000341
4112;12TH;141382.26;400822.92;38.94032985;-76.99050785
400;7TH;135084.28;400348.27;38.88359583;-76.995986
643;D;135141.55;400272.5;38.88411176;-76.99685927
200;ASCOT;139226.63;399712.23;38.92091161;-77.00331844
3426;9TH;140476.5;400533.78;38.93217038;-76.9938437
2813;4TH;139791.85;399974.36;38.926003;-77.00029569
2807;4TH;139775.74;399969.01;38.92585821;-77.00035739
655;GIRARD;139827.22;400305.37;38.92632191;-76.99647834
652;FRANKLIN;139765.88;400310.63;38.92576934;-76.9964177
652;GIRARD;139865.42;400305.63;38.92666569;-76.99647532
645;GIRARD;139827.8;400274.13;38.92632714;-76.99683861
639;GIRARD;139827.65;400258.15;38.9263258;-76.9970229
1438;RHODE ISLAND;139727.36;401336.16;38.92542137;-76.984591
1430;BRENTWOOD;139795.76;401361.53;38.9260375;-76.98429829
2930;14TH;139964.08;401194.55;38.92755369;-76.98622368
2915;12TH;139905.56;400840.29;38.92702727;-76.9903093
2913;12TH;139900.46;400840.26;38.92698133;-76.99030966
2905;13TH;139901.89;401041.19;38.92699399;-76.98799242
2813;12TH;139773.43;400848.68;38.92583699;-76.99021271
2701;12TH;139631.83;400855.87;38.92456141;-76.99012997
2713;12TH;139670.41;400850.48;38.92490862;-76.99019208
3205;15TH;140259.78;401389.38;38.9302175;-76.98397617
1518;JACKSON;140252.82;401443.37;38.93015471;-76.98335352
5124;E;134943.76;406262.09;38.88230774;-76.92782731
5122;E;134945.57;406250.9;38.88232412;-76.92795626
3517;17TH;140645.23;401648.84;38.9336893;-76.98098287
27;V;138894.73;399311.73;38.91792152;-77.0079365
2621;NORTH CAPITOL;139610.52;399240.96;38.92436953;-77.00875335
2537;NORTH CAPITOL;139528.84;399241.46;38.92363373;-77.00874749
2511;NORTH CAPITOL;139434.21;399243.39;38.92278128;-77.00872513
2429;NORTH CAPITOL;139372.28;399243.38;38.92222339;-77.00872518
2319;NORTH CAPITOL;139253.27;399246.39;38.92115131;-77.00869034
2313;NORTH CAPITOL;139235.19;399245.34;38.92098844;-77.00870243
21;V;138894.66;399292.62;38.91792088;-77.00815686
2029;NORTH CAPITOL;138882.46;399243.1;38.91781093;-77.00872787
20;FRANKLIN;139726.51;399298.83;38.92541445;-77.0080861
15;V;138894.73;399273.4;38.91792149;-77.00837849
3220;8TH;140239.93;400415.22;38.93003968;-76.99521125
3216;8TH;140230.28;400413.89;38.92995242;-76.99522659
2817;4TH;139807.51;399974.93;38.92614441;-77.00028912
2413;3RD;139312.84;399842.16;38.92168825;-77.00182016
2531;3RD;139464.3;399844.84;38.92305265;-77.00178929
2533;3RD;139469.24;399844.81;38.92309715;-77.00178964
2541;3RD;139488.76;399844.89;38.92327299;-77.00178872
2523;3RD;139440.34;399844.19;38.92283681;-77.00179678
2527;3RD;139454.76;399844.78;38.92296671;-77.00178998
203;CROMWELL;139431.28;399717.21;38.92275516;-77.0032611
200;BRYANT;139292.18;399713.23;38.9215021;-77.00330694
314;RHODE ISLAND;139093.93;399876.12;38.91971624;-77.00142851
313;BRYANT;139250.27;399879.57;38.9211246;-77.00138875
333;BRYANT;139250.02;399934.79;38.92112236;-77.00075198
327;BRYANT;139249.96;399917.82;38.92112181;-77.00094767
332;17TH;136280.5;401646.7;38.89437035;-76.98101802
1630;C;136195.9;401640.35;38.89360826;-76.98109142
1621;D;136305.97;401608.85;38.89459987;-76.98145427
1616;C;136194.04;401601.97;38.89359157;-76.98153384
514;6TH;134933.08;400154.28;38.88223381;-76.99822187
1614;C;136194.7;401596.37;38.89359753;-76.98159839
31;17TH;135678.81;401648.8;38.8889501;-76.98099526
1801;INDEPENDENCE;135508.66;401837.2;38.88741695;-76.97882414
1757;A;135629.08;401807.5;38.8885018;-76.97916615
1747;A;135629.27;401785.01;38.88850356;-76.97942538
1751;A;135629.72;401790.36;38.8885076;-76.97936371
1736;BAY;135444.97;401795.09;38.88684296;-76.97930967
1737;INDEPENDENCE;135507.78;401791.63;38.88740912;-76.97934939
22;16TH;135703.37;401562.4;38.88917151;-76.98199109
212;17TH;135476.41;401692.16;38.88712672;-76.98049597
1730;MASSACHUSETTS;135328.65;401771.51;38.88579549;-76.97958176
1731;A;135624.73;401744.22;38.88846275;-76.97989555
619;FRANKLIN;139724.03;400214.78;38.92539237;-76.99752309
520;EDGEWOOD;139557.53;400068.82;38.9238925;-76.99920636
530;7TH;134890.47;400353.31;38.88184991;-76.99592801
507;7TH;134956.33;400311.22;38.88244322;-76.99641308
435;7TH;135003.92;400311.88;38.88287159;-76.99640545
547;11TH;134849.04;400714.47;38.88147647;-76.99176559
537;9TH;134865;400520.21;38.88162038;-76.99400446
528;10TH;134880.78;400655.84;38.88176244;-76.99244128
525;11TH;134904.82;400711.03;38.88197896;-76.99180518
524;9TH;134889.63;400560.49;38.88184224;-76.99354021
523;10TH;134895.54;400619.55;38.88189544;-76.99285952
514;8TH;134929.87;400468.21;38.88220479;-76.99460373
509;11TH;134945.79;400709.87;38.88234804;-76.99181851
3619;AUSTIN;132615.2;403880.16;38.86134487;-76.95529299
3604;AUSTIN;132669.5;403820.59;38.86183429;-76.95597905
3607;AUSTIN;132615.34;403833.52;38.86134634;-76.95583037
2416;36TH;132437.66;403808.03;38.85974583;-76.95612505
2330;BRANCH;132540.5;403589.93;38.86067318;-76.9586374
2301;36TH;132634.9;403767.42;38.86152283;-76.95659187
2605;34TH;132251.16;403740.8;38.85806572;-76.95690067
2537;36TH;132310.13;403846.84;38.85859682;-76.95567861
2561;36TH;132229.31;403882.11;38.8578686;-76.9552727
2525;34TH;132310.06;403682.52;38.85859689;-76.95757182
2527;36TH;132313.98;403960.85;38.858631;-76.95436502
2529;34TH;132299.84;403693.29;38.85850445;-76.95744779
426;8TH;135016.48;400461.48;38.88298501;-76.99468124
320;2ND;135280.56;399715.11;38.88536368;-77.00328359
311;3RD;135312.95;399798.32;38.88565582;-77.00232454
308;NORTH CAROLINA;135293.41;399858.14;38.88547947;-77.00163506
306;NORTH CAROLINA;135287.99;399852.89;38.88543098;-77.00169557
501;EAST CAPITOL;135740.4;400060.12;38.88950647;-76.99930703
3010;12TH;140014.06;400791.73;38.92800472;-76.9908692
3006;12TH;140001.92;400791.75;38.92789536;-76.99086898
3004;12TH;139995.66;400794.09;38.92783896;-76.990842
2728;10TH;139717.76;400634.47;38.92533568;-76.99268311
660;MARYLAND;136349.97;400280.77;38.89499766;-76.99676346
642;LEXINGTON;136420.25;400270.35;38.89563077;-76.99688354
616;E;136495.2;400193.8;38.89630597;-76.99776595
614;LEXINGTON;136419.47;400184.46;38.89562377;-76.99787364
612;E;136495.21;400182.12;38.89630606;-76.99790059
610;E;136494.9;400176.63;38.89630327;-76.99796388
604;E;136492.5;400160.95;38.89628165;-76.99814463
627;E;136452.83;400221.1;38.89592428;-76.99745126
622;D;136345.98;400200.74;38.89496174;-76.99768599
528;8TH;136573.23;400406.59;38.89700849;-76.99531295
515;7TH;136532.13;400359.16;38.89663826;-76.99585973
512;7TH;136523.38;400312.57;38.89655979;-76.99639681
508;7TH;136513.84;400312.6;38.89647385;-76.99639647
508;8TH;136515.06;400415.42;38.8964848;-76.99521119
506;7TH;136509.1;400312.62;38.89643115;-76.99639624
504;8TH;136503.28;400409.85;38.89637835;-76.99527541
4224;14TH;141500.03;401223.85;38.94139029;-76.98588303
3701;14TH;140785.75;401193.19;38.93495588;-76.98623793
1534;OTIS;140802.32;401460.96;38.93510475;-76.98314948
1430;OTIS;140790.93;401255.48;38.93500246;-76.98551948
1432;OTIS;140792.09;401266.85;38.93501289;-76.98538834
3938;17TH;141140.47;401576.39;38.9381507;-76.98181735
3910;18TH;141073.84;401714.47;38.93755022;-76.98022485
3824;17TH;141021.3;401582.53;38.93707717;-76.9817468
3731;17TH;140890.34;401697.97;38.93589723;-76.98041562
338;RALEIGH;130709.96;399976.83;38.84419021;-77.0002669
3361;MARTIN LUTHER KING JR;130418.23;399676.83;38.84156211;-77.00372252
3348;BROTHERS;130527.53;399675.92;38.84254674;-77.00373305
3322;BROTHERS;130582.44;399758.36;38.84304142;-77.00278345
3312;BROTHERS;130591.89;399793.46;38.84312656;-77.00237914
3308;BROTHERS;130596.7;399807.26;38.84316989;-77.00222018
3304;BROTHERS;130602.63;399819.97;38.84322331;-77.00207377
410;10TH;136362.2;400617.48;38.89510766;-76.99288206
406;10TH;136353.3;400620.63;38.89502749;-76.99284576
404;10TH;136348.66;400620.69;38.89498569;-76.99284507
431;11TH;136416.36;400753.72;38.89559545;-76.99131151
419;10TH;136388.68;400658.77;38.89534617;-76.99240607
403;11TH;136348.4;400754.64;38.89498324;-76.99130098
1246;D;136346.8;400985.44;38.8949686;-76.98864046
1244;D;136346.32;400980.65;38.89496428;-76.98869568
1242;D;136346.25;400975.68;38.89496365;-76.98875297
1236;D;136343.69;400961.03;38.89494061;-76.98892185
903;5TH;134584.57;400019.93;38.87909431;-76.99977031
1231;E;136451.97;400957.58;38.89591604;-76.98896147
3908;22ND;141084.14;402218.34;38.93764188;-76.97441305
3723;SOUTH DAKOTA;140886.9;402083.6;38.93586541;-76.97596777
404;16TH;135106.32;401561.38;38.88379305;-76.9820042
1601;H;134698.08;401577.63;38.88011544;-76.98181785
5007;SOUTH DAKOTA;142483.67;400577.88;38.95025185;-76.99333339
5000;12TH;142501.78;400791.88;38.95041483;-76.9908646
5001;11TH;142501.96;400747.33;38.95041649;-76.99137854
5002;11TH;142507.88;400697.6;38.95046986;-76.99195224
4957;11TH;142469.21;400747.66;38.95012147;-76.99137477
4944;12TH;142387.15;400794.87;38.94938221;-76.99083024
4908;11TH;142382.14;400700.06;38.94933716;-76.99192399
5107;SOUTH DAKOTA;142582.42;400477.78;38.95114148;-76.99448811
5072;8TH;142671.91;400505.92;38.95194762;-76.99416341
5062;10TH;142657.15;400595.62;38.95181426;-76.99312859
303;RITTENHOUSE;144096.43;399824.31;38.96478019;-77.00202723
301;QUACKENBOS;143961.46;399778.21;38.96356434;-77.00255912
244;NICHOLSON;143641.07;399724.22;38.96067817;-77.00318195
239;NICHOLSON;143602.99;399714.17;38.96033513;-77.00329789
1623;G;134800.42;401626.19;38.88103727;-76.98125795
1620;E;135020.91;401606.18;38.88302323;-76.98148805
7;DANBURY;128915.36;399282.9;38.82802334;-77.00825853
61;DARRINGTON;128821.77;399215.84;38.82718018;-77.00903073
58;DARRINGTON;128781.2;399227.9;38.82681472;-77.0088918
4332;MARTIN LUTHER KING JR;128764;398928.84;38.82665946;-77.01233586
186;DARRINGTON;128781.8;398931.39;38.82681981;-77.01230652
184;DARRINGTON;128781.29;398936.09;38.82681522;-77.01225239
174;CHESAPEAKE;128960.96;398995.1;38.82843384;-77.01157307
151;ELMIRA;128714.75;398996.14;38.82621587;-77.01156073
145;ELMIRA;128713.48;399008.8;38.82620444;-77.01141494
67;FORRESTER;128623.67;399199.53;38.82539559;-77.00921833
52;GALVESTON;128490.59;399157.15;38.8241967;-77.00970622
50;GALVESTON;128490.85;399167.83;38.82419905;-77.00958323
5037;13TH;142627.79;401078.25;38.95154966;-76.98756074
5031;13TH;142570.19;401163;38.95103067;-76.98658311
5026;13TH;142562.55;401126.14;38.9509619;-76.98700836
3022;8TH;130708.24;400478.81;38.84417458;-76.9944845
3020;9TH;130716;400583.99;38.84424442;-76.99327291
3011;7TH;130750.37;400332.14;38.84455418;-76.996174
3012;5TH;130915.31;399941.36;38.84604009;-77.0006755
3014;9TH;130747.71;400584.78;38.84453008;-76.99326378
301;PARKLAND;130746.07;399834.67;38.84451549;-77.00190447
3010;8TH;130748.87;400478.82;38.8445406;-76.99448436
3005;7TH;130775.7;400331.78;38.84478236;-76.99617813
2910;MARTIN LUTHER KING JR;130877.2;400298.08;38.84569639;-76.99656629
2912;MARTIN LUTHER KING JR;130870.37;400292.46;38.84563487;-76.99663103
2906;MARTIN LUTHER KING JR;130883.7;400297.14;38.84575495;-76.99657712
3221;BROTHERS;130656.45;399848.49;38.84370815;-77.00174526
320;RALEIGH;130711.65;399910.8;38.84420509;-77.00102751
315;PARKLAND;130746.16;399896.08;38.84451631;-77.00119708
314;RALEIGH;130709.78;399885.02;38.84418858;-77.00132448
1531;D;135118.52;401508.95;38.88390305;-76.98260846
1528;E;135020.38;401503.02;38.88301898;-76.98267702
1530;E;135018.49;401508.62;38.88300194;-76.98261248
1525;D;135117.89;401494.94;38.8838974;-76.98276993
1521;D;135118.02;401485.84;38.88389858;-76.98287482
3036;MACOMB;140605.62;394689.65;38.93331765;-77.06124735
1516;PENNSYLVANIA;134635.58;401486.63;38.87955258;-76.98286675
1510;POTOMAC;134874.38;401488.19;38.88170378;-76.98284826
1506;PENNSYLVANIA;134649.18;401463.29;38.87967513;-76.98313572
1629;G;134800.68;401644.28;38.88103958;-76.98104946
312;E;136495.41;399873.39;38.89630787;-77.00145951
306;D;136346.3;399855.61;38.89496463;-77.00166444
305;E;136454.61;399850.67;38.89594033;-77.00172141
213;E;136452.28;399751.66;38.89591932;-77.00286275
205;F;136587.32;399722.11;38.8971358;-77.00320344
400;9TH;136344.25;400525.88;38.89494602;-76.99393798
302;55TH;136132.57;406724.72;38.89301323;-76.92248371
1621;E;134978.57;401606.17;38.88264215;-76.98148827
1617;H;134697.9;401626.05;38.88011373;-76.98125981
1613;E;134978.43;401587.4;38.88264093;-76.9817046
1611;E;134978.39;401582.88;38.88264057;-76.98175669
1609;D;135121.36;401579.04;38.88392851;-76.98180062
1606;H;134737.86;401576.65;38.8804738;-76.98182905
1606;POTOMAC;134919.2;401574.7;38.88210738;-76.98185111
1601;G;134800.59;401557.64;38.88103893;-76.982048
1129;HOLBROOK;137754.53;401097.32;38.9076498;-76.98734853
558;14TH;134847.86;401278.55;38.8814652;-76.98526446
553;15TH;134876.1;401397.57;38.88171942;-76.98389267
535;KENTUCKY;134902.68;401380.76;38.88195889;-76.98408636
516;13TH;134945.96;401034.36;38.88234925;-76.98807865
502;13TH;134978.32;401036.23;38.88264076;-76.98805705
529;14TH;134913.62;401236.64;38.88205766;-76.98574736
5019;13TH;142543.29;401162.88;38.95078835;-76.98658454
5012;13TH;142529.7;401126.33;38.95066597;-76.98700622
5013;13TH;142529.9;401163.43;38.95066773;-76.98657822
564;NICHOLSON;143565.6;400160.83;38.95999834;-76.99814436
5842;EASTERN;143583.04;400372.64;38.96015538;-76.99570051
600;NICHOLSON;143501.52;400210.67;38.95942108;-76.99756933
5882;EASTERN;143677.2;400279.33;38.96100363;-76.99677707
203;KENNEDY;143205.38;398794.48;38.95675257;-77.01390853
5884;EASTERN;143683.97;400273.17;38.96106462;-76.99684815
5886;EASTERN;143686.46;400269.7;38.96108705;-76.99688818
5814;EASTERN;143515.48;400437.89;38.95954675;-76.9949477
5703;6TH;143401.78;400141.23;38.95852261;-76.99837054
5519;5TH;143235.8;400038.53;38.95702743;-76.99955546
5539;CHILLUM;143303.06;400075.68;38.95763333;-76.99912684
5544;CHILLUM;143316.73;400011.23;38.95775647;-76.99987043
301;TINGEY;134096.76;399862.7;38.87469992;-77.00158226
518;MELLON;131001.43;400106.35;38.84681589;-76.99877489
517;LEBAUM;131055.5;400108.42;38.84730298;-76.99875104
512;LEBAUM;131095.15;400125.05;38.84766016;-76.99855946
500;LEBAUM;131117.27;400093.86;38.84785943;-76.99891875
3113;MARTIN LUTHER KING JR;130639.14;400016.98;38.84355223;-76.99980441
3318;MARTIN LUTHER KING JR;130502.18;399800.1;38.84231841;-77.00230262
3217;5TH;130495.4;400022.25;38.84225735;-76.99974371
226;SAVANNAH;130466.57;399886.79;38.84199763;-77.00130405
562;NEWCOMB;130855.8;400145.03;38.84550399;-76.99832934
548;LEBAUM;131026.19;400210.52;38.84703892;-76.99757489
624;MILWAUKEE;131157.51;400230.4;38.8482219;-76.99734583
568;LEBAUM;130978.85;400273.27;38.84661211;-76.99685205
534;LEBAUM;131049.83;400181.05;38.84725189;-76.99791436
530;MELLON;130981.39;400130.02;38.84663536;-76.99850222
526;NEWCOMB;130924.35;400053.58;38.84612153;-76.99938279
519;LEBAUM;131045.25;400117.33;38.84721064;-76.9986484
220;10TH;136092.64;400617.83;38.89267903;-76.99287827
216;11TH;136077.04;400710.16;38.89253877;-76.99181399
214;11TH;136071.04;400707.45;38.89248438;-76.99184524
4666;A;135630.29;405716.5;38.88849598;-76.93410971
4724;BENNING;135020.42;405759.42;38.88300176;-76.93362011
5135;H;134494.54;406173.59;38.87826162;-76.92885134
5120;SOUTHERN;134435.26;406146.08;38.87772779;-76.92916891
5117;H;134500.62;406127.34;38.87831671;-76.9293843
5119;H;134497.32;406131.73;38.87828695;-76.92933374
5032;BENNING;134424.06;405989.35;38.87762798;-76.93097526
5213;E;134903.03;406291.85;38.88194061;-76.92748469
5000;H;134554.68;405961.45;38.87880485;-76.93129566
5142;H;134536.59;406192.61;38.87864029;-76.92863176
5146;H;134534.26;406201.84;38.87861923;-76.92852541
1703;BUNKER HILL;141567.85;401574.12;38.94200067;-76.98184255
4514;EASTERN;141873.66;402037.21;38.94475454;-76.97649991
145;RALEIGH;130401.85;399507.76;38.84141448;-77.00566998
527;KENTUCKY;134916.05;401361.33;38.88207903;-76.98431027
522;14TH;134934.03;401281.22;38.88224145;-76.98523352
521;14TH;134934.32;401234.65;38.8822438;-76.98577026
519;14TH;134938.93;401235.09;38.88228566;-76.98576518
446;KENTUCKY;135035.39;401355.64;38.88315443;-76.98437561
437;15TH;135040.52;401396.62;38.88320058;-76.98390329
429;15TH;135060.24;401397.91;38.88337822;-76.98388838
427;15TH;135065;401397.94;38.8834211;-76.98388802
418;KENTUCKY;135093.92;401318.95;38.88368175;-76.98479837
415;14TH;135117.92;401231.56;38.88389774;-76.98580554
406;KENTUCKY;135120.44;401301.58;38.88392034;-76.98499852
407;KENTUCKY;135059.38;401281.91;38.88337065;-76.98522534
1440;E;135020.48;401377.8;38.88302008;-76.98412024
505;PEABODY;143843.78;400004.11;38.96250427;-76.99995258
425;PEABODY;143843.84;399978.28;38.96250481;-77.00025061
5532;4TH;143253.39;399959.07;38.95718555;-77.00047223
512;H;134700.17;398288.34;38.88013402;-77.01972685
507;G;134848.51;398337.67;38.88147042;-77.01915868
502;G;134805.5;398352.55;38.88108299;-77.01898709
419;G;134848.43;398410.21;38.88146983;-77.01832265
415;G;134848.75;398422.08;38.88147274;-77.01818584
413;G;134849.39;398428.33;38.88147851;-77.01811381
300;12TH;135299;397590.32;38.88552654;-77.02777362
5703;2ND;143507.94;399665.99;38.95947854;-77.00385374
5704;2ND;143414.73;399664.67;38.95863922;-77.00386893
5900;3RD;143738.4;399743.11;38.96155495;-77.00296404
5724;2ND;143460.76;399637.64;38.95905386;-77.00418082
5725;2ND;143571.02;399627.87;38.9600471;-77.0042936
528;ONEIDA;143807.11;400056.54;38.96217394;-76.99934763
5135;12TH;142966.24;400890.58;38.95459871;-76.98972536
5123;CHILLUM;143101.08;400761.13;38.95581351;-76.99121868
404;OAKWOOD;131068.6;399730.21;38.84742095;-77.0031079
4430;MARTIN LUTHER KING JR;128630.67;398932.12;38.82545836;-77.01229788
38;GALVESTON;128492.17;399220.15;38.82421099;-77.00898072
37;FORRESTER;128620.48;399311.1;38.82536695;-77.00793347
27;GALVESTON;128534.07;399232.86;38.82458846;-77.0088344
184;FORRESTER;128584.37;398942.48;38.82504128;-77.0121785
146;ELMIRA;128676.68;399016.87;38.82587294;-77.01132195
141;GALVESTON;128539.49;398985.92;38.82463703;-77.01167817
4821;1ST;128103.14;399516.31;38.82070664;-77.00556988
4232;6TH;128918.64;400155.03;38.82805317;-76.99821458
4803;6TH;142173.42;400102.23;38.94745689;-76.99882069
4754;6TH;142085.74;400186.36;38.94666736;-76.9978502
4720;6TH;142213.82;400128.31;38.94782115;-76.99851983
4712;7TH;142118.51;400236.41;38.94696255;-76.99727282
4710;7TH;142105.11;400237.27;38.94684184;-76.99726291
4704;7TH;142078.62;400236.48;38.94660321;-76.99727203
4430;19TH;141794.73;401946.25;38.94404339;-76.97754939
4427;19TH;141820.11;401988.13;38.94427226;-76.97706622
4418;EASTERN;141802.16;402108.52;38.94411028;-76.97567753
4405;20TH;141699.7;402085.09;38.94318735;-76.97594812
421;I;134585.98;400013.6;38.87910702;-76.99984326
4313;19TH;141601.02;401901.43;38.94229883;-76.97806694
4312;21ST;141604.58;402129.34;38.94233037;-76.97543798
4312;22ND;141596.89;402221.21;38.94226087;-76.97437828
4306;22ND;141571.97;402218.82;38.94203639;-76.97440593
4308;19TH;141590.3;401858.28;38.94220235;-76.97856471
4300;22ND;141561.51;402215.53;38.94194217;-76.97444392
4221;20TH;141511.42;402083.13;38.94149127;-76.9759713
4218;20TH;141504.2;402036.05;38.94142634;-76.97651438
4213;18TH;141473.86;401733.42;38.94115368;-76.98000526
4201;19TH;141450.64;401902.67;38.94094416;-76.97805306
2011;VARNUM;141644.05;402128.41;38.9426856;-76.97544859
1443;ROCK CREEK FORD;144005.24;396989.23;38.96395358;-77.03473988
418;OGLETHORPE;143730.57;399957.41;38.96148411;-77.00049141
909;5TH;134574.87;400021.83;38.87900693;-76.99974841
410;PEABODY;143885.46;399944.82;38.96287974;-77.00063669
408;OGLETHORPE;143730.25;399936.07;38.96148156;-77.00073763
404;ONEIDA;143806.54;399932.73;38.9621688;-77.00077618
401;JEFFERSON;143004.61;400096.44;38.95494481;-76.99888736
231;ATLANTIC;129220.04;399807.41;38.83076831;-77.00221806
209;ATLANTIC;129213.14;399730.72;38.83070613;-77.0031013
642;CHESAPEAKE;129071.34;400263.3;38.82942873;-76.99696763
520;CHESAPEAKE;129070.02;400112.96;38.82941687;-76.99869906
3221;6TH;130484.96;400114.75;38.8421633;-76.99867821
3218;8TH;130540.63;400438.39;38.8426647;-76.99495021
3324;10TH;130443.66;400709.16;38.84179097;-76.99183133
653;RALEIGH;130697.8;400331.41;38.8440806;-76.99618243
646;ALABAMA;130642.07;400323.33;38.84357856;-76.99627554
1225;1ST;137601.44;399512.86;38.90627126;-77.00561634
5111;12TH;142888.88;400946.32;38.95390178;-76.98908239
5106;12TH;142885.99;400906.4;38.95387578;-76.98954295
5107;11TH;142900.34;400754.61;38.95400486;-76.99129412
424;JEFFERSON;143111.33;400125.22;38.95590617;-76.99855531
421;JEFFERSON;143055.37;400140.55;38.95540206;-76.99837845
415;KENNEDY;143108.26;400076.52;38.95587852;-76.99911717
414;JEFFERSON;143074.64;400102.64;38.95557566;-76.99881582
408;JEFFERSON;143059.24;400088.47;38.95543693;-76.99897931
407;KENNEDY;143084.69;400056.96;38.95566619;-76.99934284
273;NEWCOMB;131140.39;399701.07;38.84806766;-77.00344362
269;NEWCOMB;131148.04;399691.06;38.84813657;-77.00355893
258;OAKWOOD;131092.25;399699.56;38.84763399;-77.00346099
3841;1ST;129480.36;399465.61;38.83311325;-77.00615478
3831;1ST;129521.1;399465.34;38.83348026;-77.00615792
613;DARRINGTON;128699.46;400166.62;38.82607869;-76.99808116
1420;HAMLIN;140023.89;401306.99;38.92809265;-76.98492683
1421;IRVING;140092.29;401273.42;38.92870887;-76.98531386
1416;HAMLIN;140022.81;401292.57;38.92808295;-76.98509314
1414;HAMLIN;140022.73;401279.02;38.92808225;-76.9852494
1415;IRVING;140084.79;401260.06;38.92864133;-76.98546795
1407;IRVING;140075.85;401246.28;38.92856081;-76.98562689
47;BUCHANAN;142152.3;399403.04;38.94726677;-77.00688643
4621;NORTH CAPITOL;142231.76;399274.11;38.94798247;-77.00837383
324;ADAMS;139170.26;399863.03;38.92040384;-77.00157947
207;BRYANT;139251.41;399728.71;38.92113484;-77.00312841
2325;3RD;139221.44;399842.51;38.92086489;-77.00181611
2317;3RD;139203.05;399842.67;38.92069922;-77.00181426
2319;3RD;139207.69;399842.5;38.92074102;-77.00181622
2304;2ND;139175.08;399674.48;38.92044721;-77.00375373
215;BRYANT;139251.34;399751.41;38.92113421;-77.00286664
213;ASCOT;139194.2;399745.51;38.92061948;-77.00293466
2012;TAYLOR;141447.4;402137.91;38.94091443;-76.97533962
2005;UPSHUR;141521.87;402133.7;38.94158529;-76.97538795
2007;UPSHUR;141520;402149.21;38.94156841;-76.97520905
249;10TH;136162.78;400657.87;38.89331118;-76.99241666
245;10TH;136153.06;400656.16;38.89322362;-76.99243638
246;10TH;136166.34;400619.6;38.89334295;-76.9928578
232;10TH;136128.18;400619.5;38.89299952;-76.99285899
421;6TH;136418.05;400154.26;38.89561098;-76.99822177
415;6TH;136386.15;400157.29;38.89532362;-76.99818685
534;4TH;136561.37;399930.73;38.89690207;-77.00079852
526;4TH;136541.66;399930.85;38.89672452;-77.00079714
539;RIGGS;143698.01;400179.36;38.96119112;-76.99793053
5600;CHILLUM;143363.19;399949.34;38.95817499;-77.00058449
5581;CHILLUM;143372.47;400011.09;38.95825859;-76.99987205
1447;ROCK CREEK FORD;144014.15;396974.07;38.9640338;-77.03491485
531;RIGGS;143676.65;400140.78;38.96099871;-76.99837567
636;ALABAMA;130635.41;400289.69;38.84351858;-76.99666304
603;RALEIGH;130700.1;400202.21;38.84410103;-76.99767071
549;NEWCOMB;130851.95;400084.43;38.84546931;-76.99902742
542;OAKWOOD;130837.29;400029.03;38.84533725;-76.99966559
525;NEWCOMB;130891.71;400028.88;38.84582749;-76.99966732
352;RALEIGH;130709.92;400041.82;38.84418985;-76.99951827
5006;13TH;142516.03;401126.33;38.95054283;-76.98700624
5001;SARGENT;142501.9;400928.37;38.95041578;-76.98929
5040;SARGENT;142654.99;400883.6;38.9517949;-76.98980629
5021;12TH;142578.58;400842.81;38.95110662;-76.99027696
5011;12TH;142538.5;400844.15;38.95074556;-76.99026155
4940;SARGENT;142361.96;400884.53;38.9491552;-76.98979594
4949;12TH;142402.29;400842.69;38.94951855;-76.99027856
4925;12TH;142341.44;400844.67;38.94897039;-76.99025579
4907;12TH;142293.73;400844.24;38.94854061;-76.99026081
4909;12TH;142300.48;400843.53;38.94860141;-76.99026899
612;GALVESTON;128535.53;400111.37;38.8246016;-76.99871746
610;DARRINGTON;128737.24;400173.35;38.82641903;-76.99800365
609;FORRESTER;128566.07;400113.95;38.82487706;-76.99868774
3301;BROTHERS;130636.34;399823.07;38.84352699;-77.00203807
2920;2ND;131030.29;399547.16;38.84707576;-77.00521656
4619;NORTH CAPITOL;142227.14;399274.38;38.94794085;-77.00837071
4609;NORTH CAPITOL;142202.79;399275.75;38.9477215;-77.00835488
4611;NORTH CAPITOL;142207.82;399276.12;38.94776681;-77.00835062
41;BUCHANAN;142150.33;399388.34;38.94724901;-77.00705601
38;CRITTENDEN;142279.6;399361.92;38.94841349;-77.00736091
37;BUCHANAN;142150.45;399378.46;38.94725009;-77.00716998
19;GALLATIN;142698.23;399302.35;38.95218458;-77.00804853
16;CRITTENDEN;142277.4;399307.81;38.94839364;-77.00798512
15;GALLATIN;142698.49;399288.95;38.95218691;-77.00820312
141;TUCKERMAN;144358.35;399546.85;38.96713953;-77.00522892
6;UNDERWOOD;144596.58;399263.37;38.96928537;-77.00850027
4615;SARGENT;141994.1;400991.93;38.9458413;-76.98855749
1712;MONROE;140599.82;401715.37;38.93328011;-76.98021565
1613;NEWTON;140652.12;401543.85;38.93375156;-76.98219377
1611;LAWRENCE;140435.28;401572.04;38.93179815;-76.98186914
3511;15TH;140634.43;401367.9;38.93359249;-76.98422316
1523;NEWTON;140644.39;401415.7;38.93368214;-76.98367183
1521;MONROE;140535.99;401423.76;38.93270563;-76.98357909
219;DOUGLAS;139487.44;399757.42;38.92326108;-77.00279742
216;BRYANT;139289.97;399747.05;38.9214822;-77.00291693
216;CHANNING;139407.19;399752.27;38.92253816;-77.00285678
210;BRYANT;139289.68;399733.46;38.92147959;-77.00307365
2529;3RD;139459.49;399844.69;38.92300932;-77.00179102
2517;3RD;139426.9;399843.7;38.92271574;-77.00180243
2435;3RD;139372.2;399844.13;38.92222298;-77.00179746
2429;2ND;139364.35;399712.72;38.92215223;-77.00331285
2426;4TH;139345.2;399927.75;38.92197977;-77.00083317
527;MADISON;143313.55;400152.73;38.95772748;-76.99823787
509;MADISON;143347.26;400131.06;38.95803148;-76.99848788
483;MADISON;143366.46;400111.59;38.95820445;-76.99871252
459;RIGGS;143658.15;400110.38;38.96083206;-76.99872643
415;MADISON;143467.12;399995.01;38.95911122;-77.00005757
5028;12TH;142608.91;400794.42;38.95137988;-76.99083517
5030;12TH;142614.48;400793.02;38.95143006;-76.99085132
5026;11TH;142570.41;400695.51;38.95103281;-76.99197629
205;9TH;135498.07;400523.83;38.88732332;-76.99396226
1437;D;135118.34;401374.82;38.88390165;-76.98415439
5028;EASTERN;142832.8;401117.99;38.95339639;-76.98710194
609;4TH;134890.7;398341.27;38.88185049;-77.0191173
610;4TH;134903.17;398406.32;38.88196294;-77.01836761
158;TENNESSEE;135989.19;400955.97;38.89174715;-76.98898067
149;13TH;136002.66;401036.51;38.8918684;-76.98805227
145;13TH;135991.55;401035.62;38.89176832;-76.98806255
4837;12TH;142263.75;400841.85;38.94827054;-76.99028842
4833;12TH;142250.65;400837.06;38.94815254;-76.99034369
4801;SOUTH DAKOTA;142183.1;400893.15;38.94754397;-76.98969673
4803;SOUTH DAKOTA;142186.95;400888.86;38.94757866;-76.98974621
642;JEFFERSON;143182.26;400295.45;38.95654508;-76.99659129
637;KENNEDY;143239.5;400231.46;38.95706073;-76.99732955
648;JEFFERSON;143181.22;400308.96;38.95653571;-76.99643542
618;INGRAHAM;142976.04;400350.45;38.95468738;-76.99595685
619;JEFFERSON;143139.09;400295.63;38.95615619;-76.99658924
613;JEFFERSON;143140.55;400282.54;38.95616935;-76.99674026
612;JEFFERSON;143182.12;400226.96;38.95654384;-76.99738149
569;INGRAHAM;142949.99;400306.15;38.95445273;-76.99646795
561;INGRAHAM;142955.96;400278.66;38.95450618;-76.9967851
558;INGRAHAM;143000.3;400278.57;38.95490594;-76.99678612
542;INGRAHAM;143011.81;400226.12;38.95500964;-76.99739123
6557;NORTH CAPITOL;144650.51;399238.27;38.96977117;-77.00878997
6524;EASTERN;144597.31;399352.46;38.96929202;-77.00747222
6525;NORTH CAPITOL;144554.67;399234.76;38.96890781;-77.00883036
6537;NORTH CAPITOL;144605.18;399238.23;38.96936282;-77.00879038
3755;1ST;129757.56;399465.67;38.8356104;-77.0061543
3780;1ST;129665.72;399513.28;38.83478309;-77.00560588
3720;HORNER;129920.92;399644.72;38.83708211;-77.00409213
3702;1ST;129993.59;399509.61;38.83773669;-77.00564838
3928;1ST;129325.18;399516.65;38.83171535;-77.00556682
3833;HALLEY;129595.5;399364.05;38.83415042;-77.00732459
3836;HALLEY;129567.26;399402.47;38.83389605;-77.00688206
25;MISSISSIPPI;129374.02;399410.54;38.83215526;-77.00678895
17;MISSISSIPPI;129342.34;399402.62;38.83186953;-77.00688014
157;UPSAL;129999.56;399717.37;38.83779056;-77.00325537
4650;SOUTH CAPITOL;128306.4;399799.04;38.82253781;-77.00231419
4342;HALLEY;128721.32;399462.69;38.82627546;-77.00618782
3604;18TH;140715.93;401738.06;38.93432602;-76.97995366
3601;17TH;140700.2;401646.99;38.93418449;-76.98100408
1716;NEWTON;140708.02;401694.99;38.93425484;-76.98045044
1709;OTIS;140771.75;401669.75;38.93482899;-76.9807414
1619;OTIS;140763.96;401570.98;38.934759;-76.98188061
1616;NEWTON;140698.72;401564.09;38.93417131;-76.98196023
3614;14TH;140726.91;401150.99;38.93442589;-76.98672476
1515;HAMLIN;139988.34;401470.23;38.92777215;-76.9830443
3010;17TH;140112.95;401640.29;38.92889437;-76.98108276
3008;16TH;140053.91;401507.96;38.92836276;-76.98260903
3000;16TH;140035.24;401507.39;38.92819458;-76.98261565
2908;16TH;139962.57;401511.91;38.92753994;-76.98256368
1518;GIRARD;139914.86;401488.59;38.92711019;-76.98283272
3006;14TH;140029.19;401190.46;38.92814056;-76.98627073
2811;14TH;139849.36;401245.57;38.92652019;-76.98563549
1424;HAMLIN;140026.79;401319.65;38.92811876;-76.98478082
1385;NORTH CAROLINA;135941.5;401233.97;38.89131719;-76.98577629
1387;NORTH CAROLINA;135943.22;401237.92;38.89133268;-76.98573075
2002;RHODE ISLAND;140170.41;402085.9;38.92941105;-76.97594342
138;TENNESSEE;135943.79;400924.32;38.8913382;-76.98934555
1359;A;135876.19;401181.18;38.89072893;-76.9863849
1356;NORTH CAROLINA;135969.56;401158.87;38.89157007;-76.9866419
1324;NORTH CAROLINA;135934.43;401086.47;38.8912537;-76.9874765
140;TENNESSEE;135948.44;400929.29;38.89138009;-76.98928826
420;17TH;135066.73;401689.31;38.88343618;-76.98052983
414;17TH;135085.77;401689.23;38.8836077;-76.9805307
1749;D;135119.68;401808.31;38.88391293;-76.97915815
1735;D;135120.13;401773.24;38.88391706;-76.97956235
1723;D;135120.18;401739.98;38.88391758;-76.9799457
907;5TH;134578.96;400022.06;38.87904378;-76.99974576
1725;D;135120.21;401744.71;38.88391784;-76.97989118
1716;E;135020.64;401737.72;38.88302089;-76.979972
5417;CHILLUM;143212.78;400151.89;38.95682005;-76.99824759
541;INGRAHAM;142966.18;400228.35;38.9545986;-76.99736552
5406;8TH;143193.33;400485.15;38.95664472;-76.99440265
5385;CHILLUM;143102.52;400247.47;38.95582678;-76.99714488
5364;CHILLUM;143048.11;400266.71;38.95533663;-76.99692293
5368;CHILLUM;143053.16;400253.56;38.95538213;-76.99707464
5328;CHILLUM;143037.11;400389.36;38.95523716;-76.9955079
5355;CHILLUM;143080.53;400349.02;38.95562865;-76.99597329
5344;CHILLUM;143040.96;400335.83;38.9552722;-76.99612548
1912;FOXVIEW;138600.25;392573.24;38.9152373;-77.08563543
5325;CHILLUM;143079.62;400447.86;38.95562041;-76.99483295
5264;CHILLUM;143036.96;400619.08;38.95523601;-76.9928576
31;TUCKERMAN;144360.33;399334.54;38.96715723;-77.00767878
3900;1ST;129557.17;399213.22;38.833805;-77.00906174
18;BRANDYWINE;129074.26;399159.7;38.82945468;-77.00967757
16;BRANDYWINE;129074.41;399164.92;38.82945603;-77.00961745
4332;HALLEY;128758.58;399452.67;38.82661111;-77.00630324
4333;HALLEY;128729.61;399415.3;38.82635011;-77.00673358
4326;HALLEY;128780.35;399447.61;38.82680723;-77.00636153
4308;HALLEY;128844.85;399439.93;38.82738827;-77.00645003
4317;12TH;129546.04;401172.97;38.83370431;-76.98649033
4217;WHEELER;129448.57;400945.08;38.83282653;-76.98911519
3911;9TH;129431.85;400723.65;38.83267612;-76.99166549
4220;LIVINGSTON;128876.37;399701.45;38.82767234;-77.00343826
4196;LIVINGSTON;128939.53;399707.14;38.82824132;-77.00337275
5233;CHILLUM;143083.3;400591.72;38.95565314;-76.99317321
522;HAMILTON;142915.25;400227.03;38.9541398;-76.99738077
5212;11TH;143007.38;400711.92;38.95496948;-76.99178652
5200;EASTERN;143064.62;400892.48;38.95548495;-76.98970331
5203;11TH;142980.87;400754.91;38.9547303;-76.99129057
5349;C;135163.72;406573.6;38.88428695;-76.92423495
5205;12TH;143050.88;400855.85;38.95536121;-76.99012593
211;ADAMS;139127.75;399742.59;38.92002087;-77.00296831
53;VICTOR;141721.66;399397.11;38.94338744;-77.00695446
4413;2ND;141718.15;399659.08;38.94335596;-77.00393258
